-- SEED PARA BASE DE DATOS SELLER
TRUNCATE TABLE package_items CASCADE;
TRUNCATE TABLE packages CASCADE;
TRUNCATE TABLE products CASCADE;
TRUNCATE TABLE stores CASCADE;

-- INSERTING STORES
INSERT INTO stores (id, name, email, category, image_url, address, lat, lng) VALUES ('store_pizzeria_roma', 'Pizzería Roma', 'contacto@pizzeriaroma.com', 'Gastronomía', 'https://via.placeholder.com/150', 'Alsina 300, Bahía Blanca', -38.718, -62.266) ON CONFLICT (id) DO NOTHING;
INSERT INTO stores (id, name, email, category, image_url, address, lat, lng) VALUES ('store_tecnologia_sur', 'TecnoSur', 'ventas@tecnosur.com', 'Tecnología', 'https://via.placeholder.com/150', 'Chiclana 200, Bahía Blanca', -38.716, -62.266) ON CONFLICT (id) DO NOTHING;
INSERT INTO stores (id, name, email, category, image_url, address, lat, lng) VALUES ('store_farmacia_centro', 'Farmacia del Centro', 'farmacia@centro.com', 'Farmacia', 'https://via.placeholder.com/150', 'O''Higgins 50, Bahía Blanca', -38.7185, -62.2665) ON CONFLICT (id) DO NOTHING;
INSERT INTO stores (id, name, email, category, image_url, address, lat, lng) VALUES ('store_libreria_estudiantil', 'Librería Estudiantil', 'hola@libreria.com', 'Librería', 'https://via.placeholder.com/150', 'Alem 1100, Bahía Blanca', -38.706, -62.264) ON CONFLICT (id) DO NOTHING;
INSERT INTO stores (id, name, email, category, image_url, address, lat, lng) VALUES ('store_supermercado_todo', 'Super Todo', 'info@supertodo.com', 'Supermercado', 'https://via.placeholder.com/150', 'Sarmiento 400, Bahía Blanca', -38.713, -62.2675) ON CONFLICT (id) DO NOTHING;

-- INSERTING PRODUCTS
INSERT INTO products (id, store_id, name, price, stock, description, image_url) VALUES ('a1b2c3d4-e5f6-4a1b-8c2d-3e4f5a6b7c8d', 'store_pizzeria_roma', 'Pizza Muzzarella', 6500, 100, 'Clásica pizza de muzzarella con aceitunas verdes', 'https://via.placeholder.com/150') ON CONFLICT (id) DO NOTHING;
INSERT INTO products (id, store_id, name, price, stock, description, image_url) VALUES ('b2c3d4e5-f6a1-4b2c-8d3e-4f5a6b7c8d9e', 'store_pizzeria_roma', 'Pizza Especial', 8000, 50, 'Muzzarella, jamón cocido, morrones y huevo', 'https://via.placeholder.com/150') ON CONFLICT (id) DO NOTHING;
INSERT INTO products (id, store_id, name, price, stock, description, image_url) VALUES ('c3d4e5f6-a1b2-4c3d-8e4f-5a6b7c8d9e0f', 'store_pizzeria_roma', 'Docena de Empanadas', 9600, 30, '12 empanadas fritas u horneadas a elección', 'https://via.placeholder.com/150') ON CONFLICT (id) DO NOTHING;
INSERT INTO products (id, store_id, name, price, stock, description, image_url) VALUES ('d4e5f6a1-b2c3-4d4e-8f5a-6b7c8d9e0f1a', 'store_pizzeria_roma', 'Cerveza Artesanal IPA', 3500, 150, 'Cerveza IPA 1 litro, en envase retornable', 'https://via.placeholder.com/150') ON CONFLICT (id) DO NOTHING;
INSERT INTO products (id, store_id, name, price, stock, description, image_url) VALUES ('e5f6a1b2-c3d4-4e5f-8a6b-7c8d9e0f1a2b', 'store_tecnologia_sur', 'Auriculares Inalámbricos', 25000, 30, 'Auriculares bluetooth con cancelación de ruido', 'https://via.placeholder.com/150') ON CONFLICT (id) DO NOTHING;
INSERT INTO products (id, store_id, name, price, stock, description, image_url) VALUES ('f6a1b2c3-d4e5-4f6a-8b7c-8d9e0f1a2b3c', 'store_tecnologia_sur', 'Cargador Rápido USB-C', 12000, 100, 'Cargador de pared 20W para smartphones', 'https://via.placeholder.com/150') ON CONFLICT (id) DO NOTHING;
INSERT INTO products (id, store_id, name, price, stock, description, image_url) VALUES ('a1b2c3d4-e5f6-4a1b-8c2d-9e0f1a2b3c4d', 'store_tecnologia_sur', 'Funda de Silicona', 4500, 80, 'Funda antigolpes para varios modelos', 'https://via.placeholder.com/150') ON CONFLICT (id) DO NOTHING;
INSERT INTO products (id, store_id, name, price, stock, description, image_url) VALUES ('b2c3d4e5-f6a1-4b2c-8d3e-0f1a2b3c4d5e', 'store_tecnologia_sur', 'Cable USB-C de 2m', 3000, 120, 'Cable mallado reforzado de carga rápida', 'https://via.placeholder.com/150') ON CONFLICT (id) DO NOTHING;
INSERT INTO products (id, store_id, name, price, stock, description, image_url) VALUES ('c3d4e5f6-a1b2-4c3d-8e4f-1a2b3c4d5e6f', 'store_farmacia_centro', 'Alcohol en Gel 500ml', 2000, 200, 'Alcohol en gel al 70%', 'https://via.placeholder.com/150') ON CONFLICT (id) DO NOTHING;
INSERT INTO products (id, store_id, name, price, stock, description, image_url) VALUES ('d4e5f6a1-b2c3-4d4e-8f5a-2b3c4d5e6f7a', 'store_farmacia_centro', 'Ibuprofeno 400mg', 1500, 500, 'Caja x 10 comprimidos', 'https://via.placeholder.com/150') ON CONFLICT (id) DO NOTHING;
INSERT INTO products (id, store_id, name, price, stock, description, image_url) VALUES ('e5f6a1b2-c3d4-4e5f-8a6b-3c4d5e6f7a8b', 'store_farmacia_centro', 'Pasta Dental', 2200, 150, 'Pasta con flúor 90g triple acción', 'https://via.placeholder.com/150') ON CONFLICT (id) DO NOTHING;
INSERT INTO products (id, store_id, name, price, stock, description, image_url) VALUES ('f6a1b2c3-d4e5-4f6a-8b7c-4d5e6f7a8b9c', 'store_farmacia_centro', 'Shampoo Anticaspa', 4100, 60, 'Shampoo cuidado diario 400ml', 'https://via.placeholder.com/150') ON CONFLICT (id) DO NOTHING;
INSERT INTO products (id, store_id, name, price, stock, description, image_url) VALUES ('a1b2c3d4-e5f6-4a1b-8c2d-5e6f7a8b9c0d', 'store_libreria_estudiantil', 'Cuaderno Universitario', 5000, 300, 'Cuaderno espiralado rayado 84 hojas', 'https://via.placeholder.com/150') ON CONFLICT (id) DO NOTHING;
INSERT INTO products (id, store_id, name, price, stock, description, image_url) VALUES ('b2c3d4e5-f6a1-4b2c-8d3e-6f7a8b9c0d1e', 'store_libreria_estudiantil', 'Resaltadores x4', 3500, 100, 'Pack de 4 resaltadores colores pastel', 'https://via.placeholder.com/150') ON CONFLICT (id) DO NOTHING;
INSERT INTO products (id, store_id, name, price, stock, description, image_url) VALUES ('c3d4e5f6-a1b2-4c3d-8e4f-7a8b9c0d1e2f', 'store_libreria_estudiantil', 'Bolígrafo Azul', 800, 500, 'Bolígrafo trazo fino 1.0mm', 'https://via.placeholder.com/150') ON CONFLICT (id) DO NOTHING;
INSERT INTO products (id, store_id, name, price, stock, description, image_url) VALUES ('d4e5f6a1-b2c3-4d4e-8f5a-8b9c0d1e2f3a', 'store_libreria_estudiantil', 'Mochila Escolar', 35000, 20, 'Mochila urbana reforzada con porta notebook', 'https://via.placeholder.com/150') ON CONFLICT (id) DO NOTHING;
INSERT INTO products (id, store_id, name, price, stock, description, image_url) VALUES ('e5f6a1b2-c3d4-4e5f-8a6b-9c0d1e2f3a4b', 'store_supermercado_todo', 'Leche Entera 1L', 1100, 1000, 'Leche larga vida en sachet', 'https://via.placeholder.com/150') ON CONFLICT (id) DO NOTHING;
INSERT INTO products (id, store_id, name, price, stock, description, image_url) VALUES ('f6a1b2c3-d4e5-4f6a-8b7c-0d1e2f3a4b5c', 'store_supermercado_todo', 'Fideos Spaghetti', 1300, 400, 'Fideos secos paquete de 500g', 'https://via.placeholder.com/150') ON CONFLICT (id) DO NOTHING;
INSERT INTO products (id, store_id, name, price, stock, description, image_url) VALUES ('a1b2c3d4-e5f6-4a1b-8c2d-1e2f3a4b5c6d', 'store_supermercado_todo', 'Puré de Tomate', 900, 600, 'Puré de tomate tetra brik 520g', 'https://via.placeholder.com/150') ON CONFLICT (id) DO NOTHING;
INSERT INTO products (id, store_id, name, price, stock, description, image_url) VALUES ('b2c3d4e5-f6a1-4b2c-8d3e-2f3a4b5c6d7e', 'store_supermercado_todo', 'Yerba Mate', 3200, 250, 'Yerba mate suave paquete 500g', 'https://via.placeholder.com/150') ON CONFLICT (id) DO NOTHING;
INSERT INTO products (id, store_id, name, price, stock, description, image_url) VALUES ('c3d4e5f6-a1b2-4c3d-8e4f-3a4b5c6d7e8f', 'store_supermercado_todo', 'Galletitas Dulces', 1500, 300, 'Galletitas de chocolate con relleno dulce', 'https://via.placeholder.com/150') ON CONFLICT (id) DO NOTHING;

-- INSERTING PACKAGES & ITEMS
INSERT INTO packages (id, payment_order_id, store_id, buyer_id, buyer_address, shipping_cost, delivery_trip_id, status, buyer_name, buyer_phone) VALUES ('56c21976-607d-4c0c-9042-c91f8899eec1', '123fe899-d6a9-4d63-806c-0dcf5acf0caa', 'store_libreria_estudiantil', 'mock_user_1782571170100_33', 'Holdich 450', 733, NULL, 'READY_TO_PICKUP', 'Usuario de Prueba 33', '+54 291 3386184');
INSERT INTO package_items (package_id, product_id, product_name, quantity, price_at_purchase) VALUES ('56c21976-607d-4c0c-9042-c91f8899eec1', 'c3d4e5f6-a1b2-4c3d-8e4f-7a8b9c0d1e2f', 'Bolígrafo Azul', 1, 800);
INSERT INTO package_items (package_id, product_id, product_name, quantity, price_at_purchase) VALUES ('56c21976-607d-4c0c-9042-c91f8899eec1', 'd4e5f6a1-b2c3-4d4e-8f5a-8b9c0d1e2f3a', 'Mochila Escolar', 2, 35000);
INSERT INTO packages (id, payment_order_id, store_id, buyer_id, buyer_address, shipping_cost, delivery_trip_id, status, buyer_name, buyer_phone) VALUES ('35a81ca9-210c-435c-b318-e3120dad6f23', '1501fc2d-f8ba-4cdb-a2c2-2902f4805d6e', 'store_farmacia_centro', 'mock_user_1782571125876_12', 'Las Heras 450', 632, NULL, 'DELIVERED', 'Usuario de Prueba 12', '+54 291 6719432');
INSERT INTO package_items (package_id, product_id, product_name, quantity, price_at_purchase) VALUES ('35a81ca9-210c-435c-b318-e3120dad6f23', 'f6a1b2c3-d4e5-4f6a-8b7c-4d5e6f7a8b9c', 'Shampoo Anticaspa', 2, 4100);
INSERT INTO package_items (package_id, product_id, product_name, quantity, price_at_purchase) VALUES ('35a81ca9-210c-435c-b318-e3120dad6f23', 'e5f6a1b2-c3d4-4e5f-8a6b-3c4d5e6f7a8b', 'Pasta Dental', 1, 2200);
INSERT INTO packages (id, payment_order_id, store_id, buyer_id, buyer_address, shipping_cost, delivery_trip_id, status, buyer_name, buyer_phone) VALUES ('6aee0e2f-78f7-4954-a46b-43111db709b8', '1589a989-000d-44cd-acc0-49933fafd468', 'store_supermercado_todo', 'mock_user_1782571155347_26', 'General Paz 150', 387, NULL, 'READY_TO_PICKUP', 'Usuario de Prueba 26', '+54 291 4450571');
INSERT INTO package_items (package_id, product_id, product_name, quantity, price_at_purchase) VALUES ('6aee0e2f-78f7-4954-a46b-43111db709b8', 'e5f6a1b2-c3d4-4e5f-8a6b-9c0d1e2f3a4b', 'Leche Entera 1L', 2, 1100);
INSERT INTO packages (id, payment_order_id, store_id, buyer_id, buyer_address, shipping_cost, delivery_trip_id, status, buyer_name, buyer_phone) VALUES ('512b91c8-1538-4ca7-a29b-d59f2abb5e66', '161f8133-449a-4df3-ab99-1ccf7eb1ab68', 'store_tecnologia_sur', 'mock_user_1782571183506_39', 'Gorriti 400', 654, NULL, 'READY_TO_PICKUP', 'Usuario de Prueba 39', '+54 291 9854587');
INSERT INTO package_items (package_id, product_id, product_name, quantity, price_at_purchase) VALUES ('512b91c8-1538-4ca7-a29b-d59f2abb5e66', 'e5f6a1b2-c3d4-4e5f-8a6b-7c8d9e0f1a2b', 'Auriculares Inalámbricos', 1, 25000);
INSERT INTO package_items (package_id, product_id, product_name, quantity, price_at_purchase) VALUES ('512b91c8-1538-4ca7-a29b-d59f2abb5e66', 'f6a1b2c3-d4e5-4f6a-8b7c-8d9e0f1a2b3c', 'Cargador Rápido USB-C', 2, 12000);
INSERT INTO package_items (package_id, product_id, product_name, quantity, price_at_purchase) VALUES ('512b91c8-1538-4ca7-a29b-d59f2abb5e66', 'a1b2c3d4-e5f6-4a1b-8c2d-9e0f1a2b3c4d', 'Funda de Silicona', 1, 4500);
INSERT INTO packages (id, payment_order_id, store_id, buyer_id, buyer_address, shipping_cost, delivery_trip_id, status, buyer_name, buyer_phone) VALUES ('bf2a118d-4a62-4fa4-af4c-dc6097ec7014', '16410813-553c-4ff0-bb72-c47a36d38aa8', 'store_farmacia_centro', 'mock_user_1782571183506_39', 'Gorriti 400', 474, NULL, 'IN_TRANSIT', 'Usuario de Prueba 39', '+54 291 9854587');
INSERT INTO package_items (package_id, product_id, product_name, quantity, price_at_purchase) VALUES ('bf2a118d-4a62-4fa4-af4c-dc6097ec7014', 'e5f6a1b2-c3d4-4e5f-8a6b-3c4d5e6f7a8b', 'Pasta Dental', 1, 2200);
INSERT INTO package_items (package_id, product_id, product_name, quantity, price_at_purchase) VALUES ('bf2a118d-4a62-4fa4-af4c-dc6097ec7014', 'f6a1b2c3-d4e5-4f6a-8b7c-4d5e6f7a8b9c', 'Shampoo Anticaspa', 2, 4100);
INSERT INTO packages (id, payment_order_id, store_id, buyer_id, buyer_address, shipping_cost, delivery_trip_id, status, buyer_name, buyer_phone) VALUES ('7f33605e-3cfc-4894-9cd8-b29edf046ab8', '23c9d87f-d4b6-45d9-b842-bbbb92d3bc12', 'store_pizzeria_roma', 'mock_user_1782571179820_37', 'Vieytes 500', 607, NULL, 'PREPARING', 'Usuario de Prueba 37', '+54 291 9725858');
INSERT INTO package_items (package_id, product_id, product_name, quantity, price_at_purchase) VALUES ('7f33605e-3cfc-4894-9cd8-b29edf046ab8', 'c3d4e5f6-a1b2-4c3d-8e4f-5a6b7c8d9e0f', 'Docena de Empanadas', 1, 9600);
INSERT INTO package_items (package_id, product_id, product_name, quantity, price_at_purchase) VALUES ('7f33605e-3cfc-4894-9cd8-b29edf046ab8', 'a1b2c3d4-e5f6-4a1b-8c2d-3e4f5a6b7c8d', 'Pizza Muzzarella', 2, 6500);
INSERT INTO package_items (package_id, product_id, product_name, quantity, price_at_purchase) VALUES ('7f33605e-3cfc-4894-9cd8-b29edf046ab8', 'b2c3d4e5-f6a1-4b2c-8d3e-4f5a6b7c8d9e', 'Pizza Especial', 1, 8000);
INSERT INTO packages (id, payment_order_id, store_id, buyer_id, buyer_address, shipping_cost, delivery_trip_id, status, buyer_name, buyer_phone) VALUES ('398f5e43-a9a5-4ce2-b3b8-821e2980fc0f', '2c303175-5836-48a8-818b-f449917c9f94', 'store_tecnologia_sur', 'mock_user_1782571155347_26', 'General Paz 150', 419, NULL, 'DELIVERED', 'Usuario de Prueba 26', '+54 291 4450571');
INSERT INTO package_items (package_id, product_id, product_name, quantity, price_at_purchase) VALUES ('398f5e43-a9a5-4ce2-b3b8-821e2980fc0f', 'b2c3d4e5-f6a1-4b2c-8d3e-0f1a2b3c4d5e', 'Cable USB-C de 2m', 2, 3000);
INSERT INTO packages (id, payment_order_id, store_id, buyer_id, buyer_address, shipping_cost, delivery_trip_id, status, buyer_name, buyer_phone) VALUES ('4422763b-094e-4d38-ad80-41d504b97e52', '30494f43-750e-4fcb-89df-55536b5c51a4', 'store_farmacia_centro', 'mock_user_1782571186374_40', 'Borges 150', 401, NULL, 'IN_TRANSIT', 'Usuario de Prueba 40', '+54 291 7385631');
INSERT INTO package_items (package_id, product_id, product_name, quantity, price_at_purchase) VALUES ('4422763b-094e-4d38-ad80-41d504b97e52', 'f6a1b2c3-d4e5-4f6a-8b7c-4d5e6f7a8b9c', 'Shampoo Anticaspa', 2, 4100);
INSERT INTO package_items (package_id, product_id, product_name, quantity, price_at_purchase) VALUES ('4422763b-094e-4d38-ad80-41d504b97e52', 'c3d4e5f6-a1b2-4c3d-8e4f-1a2b3c4d5e6f', 'Alcohol en Gel 500ml', 1, 2000);
INSERT INTO package_items (package_id, product_id, product_name, quantity, price_at_purchase) VALUES ('4422763b-094e-4d38-ad80-41d504b97e52', 'e5f6a1b2-c3d4-4e5f-8a6b-3c4d5e6f7a8b', 'Pasta Dental', 2, 2200);
INSERT INTO packages (id, payment_order_id, store_id, buyer_id, buyer_address, shipping_cost, delivery_trip_id, status, buyer_name, buyer_phone) VALUES ('66086aaf-3d29-4149-a1aa-afecfacf18bb', '35137a4f-fb2a-4c3b-9666-66f917040ce3', 'store_farmacia_centro', 'mock_user_1782571176134_35', 'Castelli 350', 620, NULL, 'CANCELLED', 'Usuario de Prueba 35', '+54 291 4800010');
INSERT INTO package_items (package_id, product_id, product_name, quantity, price_at_purchase) VALUES ('66086aaf-3d29-4149-a1aa-afecfacf18bb', 'c3d4e5f6-a1b2-4c3d-8e4f-1a2b3c4d5e6f', 'Alcohol en Gel 500ml', 1, 2000);
INSERT INTO package_items (package_id, product_id, product_name, quantity, price_at_purchase) VALUES ('66086aaf-3d29-4149-a1aa-afecfacf18bb', 'd4e5f6a1-b2c3-4d4e-8f5a-2b3c4d5e6f7a', 'Ibuprofeno 400mg', 2, 1500);
INSERT INTO package_items (package_id, product_id, product_name, quantity, price_at_purchase) VALUES ('66086aaf-3d29-4149-a1aa-afecfacf18bb', 'e5f6a1b2-c3d4-4e5f-8a6b-3c4d5e6f7a8b', 'Pasta Dental', 1, 2200);
INSERT INTO packages (id, payment_order_id, store_id, buyer_id, buyer_address, shipping_cost, delivery_trip_id, status, buyer_name, buyer_phone) VALUES ('3f304d43-8041-4ebf-9125-94381994fa0b', '48a2735f-cb72-4531-8953-5a689c15fd0f', 'store_libreria_estudiantil', 'mock_user_1782571097763_1', 'Alsina 150', 397, NULL, 'DELIVERED', 'Usuario de Prueba 1', '+54 291 6785441');
INSERT INTO package_items (package_id, product_id, product_name, quantity, price_at_purchase) VALUES ('3f304d43-8041-4ebf-9125-94381994fa0b', 'a1b2c3d4-e5f6-4a1b-8c2d-5e6f7a8b9c0d', 'Cuaderno Universitario', 1, 5000);
INSERT INTO package_items (package_id, product_id, product_name, quantity, price_at_purchase) VALUES ('3f304d43-8041-4ebf-9125-94381994fa0b', 'd4e5f6a1-b2c3-4d4e-8f5a-8b9c0d1e2f3a', 'Mochila Escolar', 2, 35000);
INSERT INTO packages (id, payment_order_id, store_id, buyer_id, buyer_address, shipping_cost, delivery_trip_id, status, buyer_name, buyer_phone) VALUES ('7fe69381-e784-4add-a7b2-619bd04ab28d', '518cc912-45fa-42e6-969f-ac5bf5c8b56e', 'store_libreria_estudiantil', 'mock_user_1782571097763_1', 'Alsina 150', 731, NULL, 'PREPARING', 'Usuario de Prueba 1', '+54 291 6785441');
INSERT INTO package_items (package_id, product_id, product_name, quantity, price_at_purchase) VALUES ('7fe69381-e784-4add-a7b2-619bd04ab28d', 'a1b2c3d4-e5f6-4a1b-8c2d-5e6f7a8b9c0d', 'Cuaderno Universitario', 1, 5000);
INSERT INTO packages (id, payment_order_id, store_id, buyer_id, buyer_address, shipping_cost, delivery_trip_id, status, buyer_name, buyer_phone) VALUES ('a76e96a2-c5e5-4aaf-9eea-8fa1fcd3f7d0', '528974d8-56ce-4a01-8206-fcb70ed097d4', 'store_farmacia_centro', 'mock_user_1782571186374_40', 'Borges 150', 765, NULL, 'DELIVERED', 'Usuario de Prueba 40', '+54 291 7385631');
INSERT INTO package_items (package_id, product_id, product_name, quantity, price_at_purchase) VALUES ('a76e96a2-c5e5-4aaf-9eea-8fa1fcd3f7d0', 'f6a1b2c3-d4e5-4f6a-8b7c-4d5e6f7a8b9c', 'Shampoo Anticaspa', 2, 4100);
INSERT INTO package_items (package_id, product_id, product_name, quantity, price_at_purchase) VALUES ('a76e96a2-c5e5-4aaf-9eea-8fa1fcd3f7d0', 'e5f6a1b2-c3d4-4e5f-8a6b-3c4d5e6f7a8b', 'Pasta Dental', 1, 2200);
INSERT INTO packages (id, payment_order_id, store_id, buyer_id, buyer_address, shipping_cost, delivery_trip_id, status, buyer_name, buyer_phone) VALUES ('05b46221-a3a9-42c9-b3a1-7f18459d0193', '545cef0a-a6f7-43cd-8229-b9fa97989181', 'store_tecnologia_sur', 'mock_user_1782571149203_23', 'Corrientes 300', 399, NULL, 'DELIVERED', 'Usuario de Prueba 23', '+54 291 1963494');
INSERT INTO package_items (package_id, product_id, product_name, quantity, price_at_purchase) VALUES ('05b46221-a3a9-42c9-b3a1-7f18459d0193', 'e5f6a1b2-c3d4-4e5f-8a6b-7c8d9e0f1a2b', 'Auriculares Inalámbricos', 1, 25000);
INSERT INTO package_items (package_id, product_id, product_name, quantity, price_at_purchase) VALUES ('05b46221-a3a9-42c9-b3a1-7f18459d0193', 'b2c3d4e5-f6a1-4b2c-8d3e-0f1a2b3c4d5e', 'Cable USB-C de 2m', 2, 3000);
INSERT INTO packages (id, payment_order_id, store_id, buyer_id, buyer_address, shipping_cost, delivery_trip_id, status, buyer_name, buyer_phone) VALUES ('395adbd6-c5d6-4c20-9a04-30154ad5f842', '619de708-2e9d-4b54-bd45-342908c9ace6', 'store_libreria_estudiantil', 'mock_user_1782571101587_2', 'Chiclana 400', 367, NULL, 'PREPARING', 'Usuario de Prueba 2', '+54 291 2155479');
INSERT INTO package_items (package_id, product_id, product_name, quantity, price_at_purchase) VALUES ('395adbd6-c5d6-4c20-9a04-30154ad5f842', 'b2c3d4e5-f6a1-4b2c-8d3e-6f7a8b9c0d1e', 'Resaltadores x4', 2, 3500);
INSERT INTO package_items (package_id, product_id, product_name, quantity, price_at_purchase) VALUES ('395adbd6-c5d6-4c20-9a04-30154ad5f842', 'a1b2c3d4-e5f6-4a1b-8c2d-5e6f7a8b9c0d', 'Cuaderno Universitario', 1, 5000);
INSERT INTO package_items (package_id, product_id, product_name, quantity, price_at_purchase) VALUES ('395adbd6-c5d6-4c20-9a04-30154ad5f842', 'd4e5f6a1-b2c3-4d4e-8f5a-8b9c0d1e2f3a', 'Mochila Escolar', 2, 35000);
INSERT INTO packages (id, payment_order_id, store_id, buyer_id, buyer_address, shipping_cost, delivery_trip_id, status, buyer_name, buyer_phone) VALUES ('91200878-6766-4635-9051-d8e7c0b40ba2', '66e8a22e-081c-485f-b2c6-5ef81ba682ae', 'store_tecnologia_sur', 'mock_user_1782571147156_22', 'Brandsen 150', 557, NULL, 'IN_TRANSIT', 'Usuario de Prueba 22', '+54 291 1243636');
INSERT INTO package_items (package_id, product_id, product_name, quantity, price_at_purchase) VALUES ('91200878-6766-4635-9051-d8e7c0b40ba2', 'b2c3d4e5-f6a1-4b2c-8d3e-0f1a2b3c4d5e', 'Cable USB-C de 2m', 2, 3000);
INSERT INTO package_items (package_id, product_id, product_name, quantity, price_at_purchase) VALUES ('91200878-6766-4635-9051-d8e7c0b40ba2', 'e5f6a1b2-c3d4-4e5f-8a6b-7c8d9e0f1a2b', 'Auriculares Inalámbricos', 1, 25000);
INSERT INTO package_items (package_id, product_id, product_name, quantity, price_at_purchase) VALUES ('91200878-6766-4635-9051-d8e7c0b40ba2', 'a1b2c3d4-e5f6-4a1b-8c2d-9e0f1a2b3c4d', 'Funda de Silicona', 2, 4500);
INSERT INTO packages (id, payment_order_id, store_id, buyer_id, buyer_address, shipping_cost, delivery_trip_id, status, buyer_name, buyer_phone) VALUES ('ba837db9-f1c2-46b9-94a2-1885e8bb6238', '6b51eeeb-78ca-476e-abe0-cbed475da66c', 'store_farmacia_centro', 'mock_user_1782571127392_13', 'Lamadrid 150', 710, NULL, 'IN_TRANSIT', 'Usuario de Prueba 13', '+54 291 4949600');
INSERT INTO package_items (package_id, product_id, product_name, quantity, price_at_purchase) VALUES ('ba837db9-f1c2-46b9-94a2-1885e8bb6238', 'e5f6a1b2-c3d4-4e5f-8a6b-3c4d5e6f7a8b', 'Pasta Dental', 1, 2200);
INSERT INTO packages (id, payment_order_id, store_id, buyer_id, buyer_address, shipping_cost, delivery_trip_id, status, buyer_name, buyer_phone) VALUES ('7e297e30-46e9-409c-aa97-530745aa8b2e', '6c231159-f471-49f9-b9cc-7a404a204297', 'store_pizzeria_roma', 'mock_user_1782571179820_37', 'Vieytes 500', 673, NULL, 'DELIVERED', 'Usuario de Prueba 37', '+54 291 9725858');
INSERT INTO package_items (package_id, product_id, product_name, quantity, price_at_purchase) VALUES ('7e297e30-46e9-409c-aa97-530745aa8b2e', 'a1b2c3d4-e5f6-4a1b-8c2d-3e4f5a6b7c8d', 'Pizza Muzzarella', 1, 6500);
INSERT INTO packages (id, payment_order_id, store_id, buyer_id, buyer_address, shipping_cost, delivery_trip_id, status, buyer_name, buyer_phone) VALUES ('7e2de532-a0d0-4382-b791-16d13a44eb37', '6e1db3a9-fc17-4b57-ad7a-b6dba277eb98', 'store_pizzeria_roma', 'mock_user_1782571131693_15', 'Sarmiento 250', 700, NULL, 'PENDING_PAYMENT', 'Usuario de Prueba 15', '+54 291 9931050');
INSERT INTO package_items (package_id, product_id, product_name, quantity, price_at_purchase) VALUES ('7e2de532-a0d0-4382-b791-16d13a44eb37', 'c3d4e5f6-a1b2-4c3d-8e4f-5a6b7c8d9e0f', 'Docena de Empanadas', 1, 9600);
INSERT INTO packages (id, payment_order_id, store_id, buyer_id, buyer_address, shipping_cost, delivery_trip_id, status, buyer_name, buyer_phone) VALUES ('50db2029-bbe4-4a15-bb7b-a4748f39be1e', '70d171e3-d938-43b1-aa14-45d316d598b7', 'store_pizzeria_roma', 'mock_user_1782571151866_24', 'Lavalle 400', 476, NULL, 'PREPARING', 'Usuario de Prueba 24', '+54 291 3010660');
INSERT INTO package_items (package_id, product_id, product_name, quantity, price_at_purchase) VALUES ('50db2029-bbe4-4a15-bb7b-a4748f39be1e', 'b2c3d4e5-f6a1-4b2c-8d3e-4f5a6b7c8d9e', 'Pizza Especial', 2, 8000);
INSERT INTO packages (id, payment_order_id, store_id, buyer_id, buyer_address, shipping_cost, delivery_trip_id, status, buyer_name, buyer_phone) VALUES ('84746d4b-7142-4d39-9bad-52bfd0401823', '7133defa-a370-4a9d-aabb-8d5a7a2efaa9', 'store_tecnologia_sur', 'mock_user_1782571155347_26', 'General Paz 150', 495, NULL, 'CANCELLED', 'Usuario de Prueba 26', '+54 291 4450571');
INSERT INTO package_items (package_id, product_id, product_name, quantity, price_at_purchase) VALUES ('84746d4b-7142-4d39-9bad-52bfd0401823', 'b2c3d4e5-f6a1-4b2c-8d3e-0f1a2b3c4d5e', 'Cable USB-C de 2m', 2, 3000);
INSERT INTO package_items (package_id, product_id, product_name, quantity, price_at_purchase) VALUES ('84746d4b-7142-4d39-9bad-52bfd0401823', 'e5f6a1b2-c3d4-4e5f-8a6b-7c8d9e0f1a2b', 'Auriculares Inalámbricos', 1, 25000);
INSERT INTO package_items (package_id, product_id, product_name, quantity, price_at_purchase) VALUES ('84746d4b-7142-4d39-9bad-52bfd0401823', 'a1b2c3d4-e5f6-4a1b-8c2d-9e0f1a2b3c4d', 'Funda de Silicona', 2, 4500);
INSERT INTO packages (id, payment_order_id, store_id, buyer_id, buyer_address, shipping_cost, delivery_trip_id, status, buyer_name, buyer_phone) VALUES ('f16b9c93-7624-4289-ae53-a3ea6142adfe', '74c09d0f-6798-44b8-88ed-71ea7c4590ba', 'store_farmacia_centro', 'mock_user_1782571120844_10', 'Donado 200', 707, NULL, 'IN_TRANSIT', 'Usuario de Prueba 10', '+54 291 3075277');
INSERT INTO package_items (package_id, product_id, product_name, quantity, price_at_purchase) VALUES ('f16b9c93-7624-4289-ae53-a3ea6142adfe', 'f6a1b2c3-d4e5-4f6a-8b7c-4d5e6f7a8b9c', 'Shampoo Anticaspa', 2, 4100);
INSERT INTO package_items (package_id, product_id, product_name, quantity, price_at_purchase) VALUES ('f16b9c93-7624-4289-ae53-a3ea6142adfe', 'e5f6a1b2-c3d4-4e5f-8a6b-3c4d5e6f7a8b', 'Pasta Dental', 1, 2200);
INSERT INTO packages (id, payment_order_id, store_id, buyer_id, buyer_address, shipping_cost, delivery_trip_id, status, buyer_name, buyer_phone) VALUES ('ac246894-be89-4644-a279-449af18d0ec4', '758ab2ce-5013-40b1-a883-019704830abf', 'store_libreria_estudiantil', 'mock_user_1782571198357_45', 'O''Higgins 150', 623, NULL, 'CANCELLED', 'Usuario de Prueba 45', '+54 291 1259179');
INSERT INTO package_items (package_id, product_id, product_name, quantity, price_at_purchase) VALUES ('ac246894-be89-4644-a279-449af18d0ec4', 'a1b2c3d4-e5f6-4a1b-8c2d-5e6f7a8b9c0d', 'Cuaderno Universitario', 1, 5000);
INSERT INTO packages (id, payment_order_id, store_id, buyer_id, buyer_address, shipping_cost, delivery_trip_id, status, buyer_name, buyer_phone) VALUES ('e7c6cdba-229c-40fe-99f3-ddd58d434a83', '82dcbaea-0c2f-44ca-8284-582092de95dd', 'store_libreria_estudiantil', 'mock_user_1782571097763_1', 'Alsina 150', 613, NULL, 'READY_TO_PICKUP', 'Usuario de Prueba 1', '+54 291 6785441');
INSERT INTO package_items (package_id, product_id, product_name, quantity, price_at_purchase) VALUES ('e7c6cdba-229c-40fe-99f3-ddd58d434a83', 'a1b2c3d4-e5f6-4a1b-8c2d-5e6f7a8b9c0d', 'Cuaderno Universitario', 1, 5000);
INSERT INTO package_items (package_id, product_id, product_name, quantity, price_at_purchase) VALUES ('e7c6cdba-229c-40fe-99f3-ddd58d434a83', 'b2c3d4e5-f6a1-4b2c-8d3e-6f7a8b9c0d1e', 'Resaltadores x4', 2, 3500);
INSERT INTO package_items (package_id, product_id, product_name, quantity, price_at_purchase) VALUES ('e7c6cdba-229c-40fe-99f3-ddd58d434a83', 'c3d4e5f6-a1b2-4c3d-8e4f-7a8b9c0d1e2f', 'Bolígrafo Azul', 1, 800);
INSERT INTO packages (id, payment_order_id, store_id, buyer_id, buyer_address, shipping_cost, delivery_trip_id, status, buyer_name, buyer_phone) VALUES ('d96421e2-a0b5-4be8-8ff5-2277f57713a5', '91953f50-7220-46f6-84ec-1372a39f5e91', 'store_farmacia_centro', 'mock_user_1782571120844_10', 'Donado 200', 705, NULL, 'PREPARING', 'Usuario de Prueba 10', '+54 291 3075277');
INSERT INTO package_items (package_id, product_id, product_name, quantity, price_at_purchase) VALUES ('d96421e2-a0b5-4be8-8ff5-2277f57713a5', 'f6a1b2c3-d4e5-4f6a-8b7c-4d5e6f7a8b9c', 'Shampoo Anticaspa', 2, 4100);
INSERT INTO packages (id, payment_order_id, store_id, buyer_id, buyer_address, shipping_cost, delivery_trip_id, status, buyer_name, buyer_phone) VALUES ('81c693f9-5a49-483e-87d0-de4665747b21', '98ff56d3-4829-47bf-9f2b-b3aecd6e9ce1', 'store_farmacia_centro', 'mock_user_1782571155347_26', 'General Paz 150', 394, NULL, 'PENDING_PAYMENT', 'Usuario de Prueba 26', '+54 291 4450571');
INSERT INTO package_items (package_id, product_id, product_name, quantity, price_at_purchase) VALUES ('81c693f9-5a49-483e-87d0-de4665747b21', 'd4e5f6a1-b2c3-4d4e-8f5a-2b3c4d5e6f7a', 'Ibuprofeno 400mg', 2, 1500);
INSERT INTO package_items (package_id, product_id, product_name, quantity, price_at_purchase) VALUES ('81c693f9-5a49-483e-87d0-de4665747b21', 'f6a1b2c3-d4e5-4f6a-8b7c-4d5e6f7a8b9c', 'Shampoo Anticaspa', 1, 4100);
INSERT INTO packages (id, payment_order_id, store_id, buyer_id, buyer_address, shipping_cost, delivery_trip_id, status, buyer_name, buyer_phone) VALUES ('ae79bb66-0680-4814-9c1e-cecf3cb76b01', '9ab51a78-b22f-4747-870e-ea3eeb2b0653', 'store_farmacia_centro', 'mock_user_1782571139274_18', 'Urquiza 350', 755, NULL, 'IN_TRANSIT', 'Usuario de Prueba 18', '+54 291 1607669');
INSERT INTO package_items (package_id, product_id, product_name, quantity, price_at_purchase) VALUES ('ae79bb66-0680-4814-9c1e-cecf3cb76b01', 'd4e5f6a1-b2c3-4d4e-8f5a-2b3c4d5e6f7a', 'Ibuprofeno 400mg', 2, 1500);
INSERT INTO package_items (package_id, product_id, product_name, quantity, price_at_purchase) VALUES ('ae79bb66-0680-4814-9c1e-cecf3cb76b01', 'c3d4e5f6-a1b2-4c3d-8e4f-1a2b3c4d5e6f', 'Alcohol en Gel 500ml', 1, 2000);
INSERT INTO package_items (package_id, product_id, product_name, quantity, price_at_purchase) VALUES ('ae79bb66-0680-4814-9c1e-cecf3cb76b01', 'f6a1b2c3-d4e5-4f6a-8b7c-4d5e6f7a8b9c', 'Shampoo Anticaspa', 2, 4100);
INSERT INTO packages (id, payment_order_id, store_id, buyer_id, buyer_address, shipping_cost, delivery_trip_id, status, buyer_name, buyer_phone) VALUES ('8fc69df8-4848-4c6f-bf89-2821091e8b6a', 'a2a43b41-00f8-4109-bdb2-c95b2bb4231f', 'store_tecnologia_sur', 'mock_user_1782571163645_30', 'Rivadavia 500', 800, NULL, 'DELIVERED', 'Usuario de Prueba 30', '+54 291 3784487');
INSERT INTO package_items (package_id, product_id, product_name, quantity, price_at_purchase) VALUES ('8fc69df8-4848-4c6f-bf89-2821091e8b6a', 'b2c3d4e5-f6a1-4b2c-8d3e-0f1a2b3c4d5e', 'Cable USB-C de 2m', 2, 3000);
INSERT INTO package_items (package_id, product_id, product_name, quantity, price_at_purchase) VALUES ('8fc69df8-4848-4c6f-bf89-2821091e8b6a', 'e5f6a1b2-c3d4-4e5f-8a6b-7c8d9e0f1a2b', 'Auriculares Inalámbricos', 1, 25000);
INSERT INTO package_items (package_id, product_id, product_name, quantity, price_at_purchase) VALUES ('8fc69df8-4848-4c6f-bf89-2821091e8b6a', 'a1b2c3d4-e5f6-4a1b-8c2d-9e0f1a2b3c4d', 'Funda de Silicona', 2, 4500);
INSERT INTO packages (id, payment_order_id, store_id, buyer_id, buyer_address, shipping_cost, delivery_trip_id, status, buyer_name, buyer_phone) VALUES ('baf134c0-f254-467e-a6f8-42091c0d18dd', 'a5bbb438-a9a1-4d0f-91bb-bd778f5a5d8a', 'store_farmacia_centro', 'mock_user_1782571205316_48', 'Italia 400', 774, NULL, 'IN_TRANSIT', 'Usuario de Prueba 48', '+54 291 2514430');
INSERT INTO package_items (package_id, product_id, product_name, quantity, price_at_purchase) VALUES ('baf134c0-f254-467e-a6f8-42091c0d18dd', 'd4e5f6a1-b2c3-4d4e-8f5a-2b3c4d5e6f7a', 'Ibuprofeno 400mg', 2, 1500);
INSERT INTO package_items (package_id, product_id, product_name, quantity, price_at_purchase) VALUES ('baf134c0-f254-467e-a6f8-42091c0d18dd', 'c3d4e5f6-a1b2-4c3d-8e4f-1a2b3c4d5e6f', 'Alcohol en Gel 500ml', 1, 2000);
INSERT INTO package_items (package_id, product_id, product_name, quantity, price_at_purchase) VALUES ('baf134c0-f254-467e-a6f8-42091c0d18dd', 'f6a1b2c3-d4e5-4f6a-8b7c-4d5e6f7a8b9c', 'Shampoo Anticaspa', 2, 4100);
INSERT INTO packages (id, payment_order_id, store_id, buyer_id, buyer_address, shipping_cost, delivery_trip_id, status, buyer_name, buyer_phone) VALUES ('dc1ce3d3-da63-4f10-b7cb-6a36a81a556b', 'a9a13582-fc20-4ea6-a347-06f569fd6de9', 'store_libreria_estudiantil', 'mock_user_1782571201846_47', 'Darregueira 250', 747, NULL, 'PREPARING', 'Usuario de Prueba 47', '+54 291 4590661');
INSERT INTO package_items (package_id, product_id, product_name, quantity, price_at_purchase) VALUES ('dc1ce3d3-da63-4f10-b7cb-6a36a81a556b', 'c3d4e5f6-a1b2-4c3d-8e4f-7a8b9c0d1e2f', 'Bolígrafo Azul', 1, 800);
INSERT INTO package_items (package_id, product_id, product_name, quantity, price_at_purchase) VALUES ('dc1ce3d3-da63-4f10-b7cb-6a36a81a556b', 'a1b2c3d4-e5f6-4a1b-8c2d-5e6f7a8b9c0d', 'Cuaderno Universitario', 2, 5000);
INSERT INTO package_items (package_id, product_id, product_name, quantity, price_at_purchase) VALUES ('dc1ce3d3-da63-4f10-b7cb-6a36a81a556b', 'b2c3d4e5-f6a1-4b2c-8d3e-6f7a8b9c0d1e', 'Resaltadores x4', 1, 3500);
INSERT INTO packages (id, payment_order_id, store_id, buyer_id, buyer_address, shipping_cost, delivery_trip_id, status, buyer_name, buyer_phone) VALUES ('b3259dd8-ea4b-4fef-b817-9a0c81902edf', 'c6b356df-f712-45f3-be0e-b02412853a02', 'store_pizzeria_roma', 'mock_user_1782571159647_28', 'Saavedra 450', 537, NULL, 'PREPARING', 'Usuario de Prueba 28', '+54 291 6433230');
INSERT INTO package_items (package_id, product_id, product_name, quantity, price_at_purchase) VALUES ('b3259dd8-ea4b-4fef-b817-9a0c81902edf', 'b2c3d4e5-f6a1-4b2c-8d3e-4f5a6b7c8d9e', 'Pizza Especial', 2, 8000);
INSERT INTO packages (id, payment_order_id, store_id, buyer_id, buyer_address, shipping_cost, delivery_trip_id, status, buyer_name, buyer_phone) VALUES ('080af1a4-5209-4ae0-971d-90044927cfb7', 'cba684b5-f1c1-4ba2-b897-1f07d18c2363', 'store_supermercado_todo', 'mock_user_1782571115720_8', 'Soler 250', 401, NULL, 'PREPARING', 'Usuario de Prueba 8', '+54 291 6932219');
INSERT INTO package_items (package_id, product_id, product_name, quantity, price_at_purchase) VALUES ('080af1a4-5209-4ae0-971d-90044927cfb7', 'a1b2c3d4-e5f6-4a1b-8c2d-1e2f3a4b5c6d', 'Puré de Tomate', 2, 900);
INSERT INTO package_items (package_id, product_id, product_name, quantity, price_at_purchase) VALUES ('080af1a4-5209-4ae0-971d-90044927cfb7', 'b2c3d4e5-f6a1-4b2c-8d3e-2f3a4b5c6d7e', 'Yerba Mate', 1, 3200);
INSERT INTO package_items (package_id, product_id, product_name, quantity, price_at_purchase) VALUES ('080af1a4-5209-4ae0-971d-90044927cfb7', 'f6a1b2c3-d4e5-4f6a-8b7c-0d1e2f3a4b5c', 'Fideos Spaghetti', 2, 1300);
INSERT INTO packages (id, payment_order_id, store_id, buyer_id, buyer_address, shipping_cost, delivery_trip_id, status, buyer_name, buyer_phone) VALUES ('2ea5b64e-5474-48f7-857d-2f0f9d157679', 'd8f4b38a-168d-46c4-833a-7675cacb29f5', 'store_pizzeria_roma', 'mock_user_1782571199786_46', 'Beruti 500', 372, NULL, 'CANCELLED', 'Usuario de Prueba 46', '+54 291 5282658');
INSERT INTO package_items (package_id, product_id, product_name, quantity, price_at_purchase) VALUES ('2ea5b64e-5474-48f7-857d-2f0f9d157679', 'b2c3d4e5-f6a1-4b2c-8d3e-4f5a6b7c8d9e', 'Pizza Especial', 2, 8000);
INSERT INTO packages (id, payment_order_id, store_id, buyer_id, buyer_address, shipping_cost, delivery_trip_id, status, buyer_name, buyer_phone) VALUES ('8ac95ba9-8535-41b6-a74d-6a3f71b6b700', 'd941f369-7184-47e1-9b54-ee7dbb709aca', 'store_pizzeria_roma', 'mock_user_1782571181663_38', 'Bravard 250', 355, NULL, 'PENDING_PAYMENT', 'Usuario de Prueba 38', '+54 291 5679184');
INSERT INTO package_items (package_id, product_id, product_name, quantity, price_at_purchase) VALUES ('8ac95ba9-8535-41b6-a74d-6a3f71b6b700', 'd4e5f6a1-b2c3-4d4e-8f5a-6b7c8d9e0f1a', 'Cerveza Artesanal IPA', 2, 3500);
INSERT INTO package_items (package_id, product_id, product_name, quantity, price_at_purchase) VALUES ('8ac95ba9-8535-41b6-a74d-6a3f71b6b700', 'a1b2c3d4-e5f6-4a1b-8c2d-3e4f5a6b7c8d', 'Pizza Muzzarella', 1, 6500);
INSERT INTO package_items (package_id, product_id, product_name, quantity, price_at_purchase) VALUES ('8ac95ba9-8535-41b6-a74d-6a3f71b6b700', 'c3d4e5f6-a1b2-4c3d-8e4f-5a6b7c8d9e0f', 'Docena de Empanadas', 2, 9600);
INSERT INTO packages (id, payment_order_id, store_id, buyer_id, buyer_address, shipping_cost, delivery_trip_id, status, buyer_name, buyer_phone) VALUES ('7448a45e-7ba1-4124-832b-ffe4440d4e65', 'da7bdb96-8105-4814-ac79-c6cb3ce4eda6', 'store_supermercado_todo', 'mock_user_1782571130055_14', 'Alvarado 300', 504, NULL, 'DELIVERED', 'Usuario de Prueba 14', '+54 291 6894446');
INSERT INTO package_items (package_id, product_id, product_name, quantity, price_at_purchase) VALUES ('7448a45e-7ba1-4124-832b-ffe4440d4e65', 'b2c3d4e5-f6a1-4b2c-8d3e-2f3a4b5c6d7e', 'Yerba Mate', 2, 3200);
INSERT INTO package_items (package_id, product_id, product_name, quantity, price_at_purchase) VALUES ('7448a45e-7ba1-4124-832b-ffe4440d4e65', 'a1b2c3d4-e5f6-4a1b-8c2d-1e2f3a4b5c6d', 'Puré de Tomate', 1, 900);
INSERT INTO package_items (package_id, product_id, product_name, quantity, price_at_purchase) VALUES ('7448a45e-7ba1-4124-832b-ffe4440d4e65', 'f6a1b2c3-d4e5-4f6a-8b7c-0d1e2f3a4b5c', 'Fideos Spaghetti', 2, 1300);
INSERT INTO packages (id, payment_order_id, store_id, buyer_id, buyer_address, shipping_cost, delivery_trip_id, status, buyer_name, buyer_phone) VALUES ('849a6982-d71a-4d46-8078-e2aa6de69125', 'da8c4eb5-91a8-4365-ab79-dbcd331cf067', 'store_tecnologia_sur', 'mock_user_1782571207366_49', 'Thompson 150', 769, NULL, 'DELIVERED', 'Usuario de Prueba 49', '+54 291 4204057');
INSERT INTO package_items (package_id, product_id, product_name, quantity, price_at_purchase) VALUES ('849a6982-d71a-4d46-8078-e2aa6de69125', 'e5f6a1b2-c3d4-4e5f-8a6b-7c8d9e0f1a2b', 'Auriculares Inalámbricos', 1, 25000);
INSERT INTO package_items (package_id, product_id, product_name, quantity, price_at_purchase) VALUES ('849a6982-d71a-4d46-8078-e2aa6de69125', 'b2c3d4e5-f6a1-4b2c-8d3e-0f1a2b3c4d5e', 'Cable USB-C de 2m', 2, 3000);
INSERT INTO packages (id, payment_order_id, store_id, buyer_id, buyer_address, shipping_cost, delivery_trip_id, status, buyer_name, buyer_phone) VALUES ('0760330b-e946-4fa6-8b8a-af06cbd77a7c', 'daebefcf-6414-49ca-9907-058c1dfb8fce', 'store_pizzeria_roma', 'mock_user_1782571198357_45', 'O''Higgins 150', 739, NULL, 'PENDING_PAYMENT', 'Usuario de Prueba 45', '+54 291 1259179');
INSERT INTO package_items (package_id, product_id, product_name, quantity, price_at_purchase) VALUES ('0760330b-e946-4fa6-8b8a-af06cbd77a7c', 'a1b2c3d4-e5f6-4a1b-8c2d-3e4f5a6b7c8d', 'Pizza Muzzarella', 1, 6500);
INSERT INTO package_items (package_id, product_id, product_name, quantity, price_at_purchase) VALUES ('0760330b-e946-4fa6-8b8a-af06cbd77a7c', 'd4e5f6a1-b2c3-4d4e-8f5a-6b7c8d9e0f1a', 'Cerveza Artesanal IPA', 2, 3500);
INSERT INTO packages (id, payment_order_id, store_id, buyer_id, buyer_address, shipping_cost, delivery_trip_id, status, buyer_name, buyer_phone) VALUES ('e5e35710-b099-4149-920a-3dff2251e28a', 'dcc42ba7-501d-4600-bab4-5e030d7da2b2', 'store_pizzeria_roma', 'mock_user_1782571207366_49', 'Thompson 150', 378, NULL, 'IN_TRANSIT', 'Usuario de Prueba 49', '+54 291 4204057');
INSERT INTO package_items (package_id, product_id, product_name, quantity, price_at_purchase) VALUES ('e5e35710-b099-4149-920a-3dff2251e28a', 'c3d4e5f6-a1b2-4c3d-8e4f-5a6b7c8d9e0f', 'Docena de Empanadas', 1, 9600);
INSERT INTO packages (id, payment_order_id, store_id, buyer_id, buyer_address, shipping_cost, delivery_trip_id, status, buyer_name, buyer_phone) VALUES ('d5cad4d8-4f7d-4bae-b18c-c0ab38f1a100', 'e03edb3f-ff16-4c89-9fb0-7eff3998813b', 'store_farmacia_centro', 'mock_user_1782571168454_32', 'Paraguay 300', 435, NULL, 'PENDING_PAYMENT', 'Usuario de Prueba 32', '+54 291 7815594');
INSERT INTO package_items (package_id, product_id, product_name, quantity, price_at_purchase) VALUES ('d5cad4d8-4f7d-4bae-b18c-c0ab38f1a100', 'f6a1b2c3-d4e5-4f6a-8b7c-4d5e6f7a8b9c', 'Shampoo Anticaspa', 2, 4100);
INSERT INTO packages (id, payment_order_id, store_id, buyer_id, buyer_address, shipping_cost, delivery_trip_id, status, buyer_name, buyer_phone) VALUES ('70460c4d-11a2-42b2-bef4-ec47c7a4b9c1', 'e7cb61bc-bbd4-401c-88bd-8683ef995087', 'store_tecnologia_sur', 'mock_user_1782571147156_22', 'Brandsen 150', 527, NULL, 'DELIVERED', 'Usuario de Prueba 22', '+54 291 1243636');
INSERT INTO package_items (package_id, product_id, product_name, quantity, price_at_purchase) VALUES ('70460c4d-11a2-42b2-bef4-ec47c7a4b9c1', 'b2c3d4e5-f6a1-4b2c-8d3e-0f1a2b3c4d5e', 'Cable USB-C de 2m', 2, 3000);
INSERT INTO package_items (package_id, product_id, product_name, quantity, price_at_purchase) VALUES ('70460c4d-11a2-42b2-bef4-ec47c7a4b9c1', 'e5f6a1b2-c3d4-4e5f-8a6b-7c8d9e0f1a2b', 'Auriculares Inalámbricos', 1, 25000);
INSERT INTO package_items (package_id, product_id, product_name, quantity, price_at_purchase) VALUES ('70460c4d-11a2-42b2-bef4-ec47c7a4b9c1', 'a1b2c3d4-e5f6-4a1b-8c2d-9e0f1a2b3c4d', 'Funda de Silicona', 2, 4500);
INSERT INTO packages (id, payment_order_id, store_id, buyer_id, buyer_address, shipping_cost, delivery_trip_id, status, buyer_name, buyer_phone) VALUES ('bb33aa77-7bbb-4cac-8ebe-7eaf6ddc1cad', 'f0170e83-be7d-4d91-ac8f-653513acc459', 'store_tecnologia_sur', 'mock_user_1782571104200_3', 'Av. Alem 1250', 611, NULL, 'READY_TO_PICKUP', 'Usuario de Prueba 3', '+54 291 3702405');
INSERT INTO package_items (package_id, product_id, product_name, quantity, price_at_purchase) VALUES ('bb33aa77-7bbb-4cac-8ebe-7eaf6ddc1cad', 'a1b2c3d4-e5f6-4a1b-8c2d-9e0f1a2b3c4d', 'Funda de Silicona', 1, 4500);
INSERT INTO package_items (package_id, product_id, product_name, quantity, price_at_purchase) VALUES ('bb33aa77-7bbb-4cac-8ebe-7eaf6ddc1cad', 'e5f6a1b2-c3d4-4e5f-8a6b-7c8d9e0f1a2b', 'Auriculares Inalámbricos', 2, 25000);
INSERT INTO package_items (package_id, product_id, product_name, quantity, price_at_purchase) VALUES ('bb33aa77-7bbb-4cac-8ebe-7eaf6ddc1cad', 'f6a1b2c3-d4e5-4f6a-8b7c-8d9e0f1a2b3c', 'Cargador Rápido USB-C', 1, 12000);
INSERT INTO packages (id, payment_order_id, store_id, buyer_id, buyer_address, shipping_cost, delivery_trip_id, status, buyer_name, buyer_phone) VALUES ('31a3254d-95a0-482e-8ef9-d499a413228b', 'f3d24dce-ed93-44be-a70e-f82ddbc84b05', 'store_supermercado_todo', 'mock_user_1782571183506_39', 'Gorriti 400', 626, NULL, 'DELIVERED', 'Usuario de Prueba 39', '+54 291 9854587');
INSERT INTO package_items (package_id, product_id, product_name, quantity, price_at_purchase) VALUES ('31a3254d-95a0-482e-8ef9-d499a413228b', 'b2c3d4e5-f6a1-4b2c-8d3e-2f3a4b5c6d7e', 'Yerba Mate', 1, 3200);
INSERT INTO packages (id, payment_order_id, store_id, buyer_id, buyer_address, shipping_cost, delivery_trip_id, status, buyer_name, buyer_phone) VALUES ('83b6c345-c160-4f49-a456-e06bb6e22d62', 'f479cb1d-1e2a-46a7-a133-72863ad17a8d', 'store_farmacia_centro', 'mock_user_1782571120844_10', 'Donado 200', 424, NULL, 'DELIVERED', 'Usuario de Prueba 10', '+54 291 3075277');
INSERT INTO package_items (package_id, product_id, product_name, quantity, price_at_purchase) VALUES ('83b6c345-c160-4f49-a456-e06bb6e22d62', 'f6a1b2c3-d4e5-4f6a-8b7c-4d5e6f7a8b9c', 'Shampoo Anticaspa', 2, 4100);
INSERT INTO package_items (package_id, product_id, product_name, quantity, price_at_purchase) VALUES ('83b6c345-c160-4f49-a456-e06bb6e22d62', 'c3d4e5f6-a1b2-4c3d-8e4f-1a2b3c4d5e6f', 'Alcohol en Gel 500ml', 1, 2000);
INSERT INTO package_items (package_id, product_id, product_name, quantity, price_at_purchase) VALUES ('83b6c345-c160-4f49-a456-e06bb6e22d62', 'e5f6a1b2-c3d4-4e5f-8a6b-3c4d5e6f7a8b', 'Pasta Dental', 2, 2200);
INSERT INTO packages (id, payment_order_id, store_id, buyer_id, buyer_address, shipping_cost, delivery_trip_id, status, buyer_name, buyer_phone) VALUES ('29fcbf38-8c4a-4c46-9439-c4255bbded2f', 'f488f426-3591-431a-af07-ae35d62dd2e2', 'store_supermercado_todo', 'mock_user_1782571141211_19', 'Casanova 600', 644, NULL, 'IN_TRANSIT', 'Usuario de Prueba 19', '+54 291 5057492');
INSERT INTO package_items (package_id, product_id, product_name, quantity, price_at_purchase) VALUES ('29fcbf38-8c4a-4c46-9439-c4255bbded2f', 'b2c3d4e5-f6a1-4b2c-8d3e-2f3a4b5c6d7e', 'Yerba Mate', 1, 3200);
INSERT INTO packages (id, payment_order_id, store_id, buyer_id, buyer_address, shipping_cost, delivery_trip_id, status, buyer_name, buyer_phone) VALUES ('67bf3657-943d-487b-904c-f2abb07d39fc', 'f7193ac4-fcf5-4d5b-b89f-b38e6db0b449', 'store_farmacia_centro', 'mock_user_1782571130055_14', 'Alvarado 300', 668, NULL, 'IN_TRANSIT', 'Usuario de Prueba 14', '+54 291 6894446');
INSERT INTO package_items (package_id, product_id, product_name, quantity, price_at_purchase) VALUES ('67bf3657-943d-487b-904c-f2abb07d39fc', 'f6a1b2c3-d4e5-4f6a-8b7c-4d5e6f7a8b9c', 'Shampoo Anticaspa', 2, 4100);
INSERT INTO packages (id, payment_order_id, store_id, buyer_id, buyer_address, shipping_cost, delivery_trip_id, status, buyer_name, buyer_phone) VALUES ('10c8a662-2bff-46d8-a0c4-5c651ec83a0c', 'faa626df-32ce-43ac-8976-642dbaf75019', 'store_supermercado_todo', 'mock_user_1782571192722_42', 'Cuyo 450', 529, NULL, 'DELIVERED', 'Usuario de Prueba 42', '+54 291 5684906');
INSERT INTO package_items (package_id, product_id, product_name, quantity, price_at_purchase) VALUES ('10c8a662-2bff-46d8-a0c4-5c651ec83a0c', 'f6a1b2c3-d4e5-4f6a-8b7c-0d1e2f3a4b5c', 'Fideos Spaghetti', 2, 1300);
INSERT INTO package_items (package_id, product_id, product_name, quantity, price_at_purchase) VALUES ('10c8a662-2bff-46d8-a0c4-5c651ec83a0c', 'e5f6a1b2-c3d4-4e5f-8a6b-9c0d1e2f3a4b', 'Leche Entera 1L', 1, 1100);
