-- SEED PARA BASE DE DATOS BUYER
TRUNCATE TABLE order_items CASCADE;
TRUNCATE TABLE orders CASCADE;
TRUNCATE TABLE purchases CASCADE;
TRUNCATE TABLE addresses CASCADE;
TRUNCATE TABLE users CASCADE;
TRUNCATE TABLE user_logs CASCADE;

-- INSERTING USERS
INSERT INTO users (client_id, name, email, phone, role, created_at) VALUES ('mock_user_1782571097763_1', 'Usuario de Prueba 1', 'testuser_1782571097763_1@buscaloya.com', '+54 291 6785441', 'buyer', '2026-04-04 03:11:00+00') ON CONFLICT (client_id) DO NOTHING;
INSERT INTO users (client_id, name, email, phone, role, created_at) VALUES ('mock_user_1782571101587_2', 'Usuario de Prueba 2', 'testuser_1782571101587_2@buscaloya.com', '+54 291 2155479', 'buyer', '2026-05-02 03:08:00+00') ON CONFLICT (client_id) DO NOTHING;
INSERT INTO users (client_id, name, email, phone, role, created_at) VALUES ('mock_user_1782571104200_3', 'Usuario de Prueba 3', 'testuser_1782571104200_3@buscaloya.com', '+54 291 3702405', 'buyer', '2026-05-03 10:41:00+00') ON CONFLICT (client_id) DO NOTHING;
INSERT INTO users (client_id, name, email, phone, role, created_at) VALUES ('mock_user_1782571106912_4', 'Usuario de Prueba 4', 'testuser_1782571106912_4@buscaloya.com', '+54 291 7437090', 'buyer', '2026-05-28 20:36:02.564+00') ON CONFLICT (client_id) DO NOTHING;
INSERT INTO users (client_id, name, email, phone, role, created_at) VALUES ('mock_user_1782571108345_5', 'Usuario de Prueba 5', 'testuser_1782571108345_5@buscaloya.com', '+54 291 6323254', 'buyer', '2026-04-10 07:30:33.719+00') ON CONFLICT (client_id) DO NOTHING;
INSERT INTO users (client_id, name, email, phone, role, created_at) VALUES ('mock_user_1782571111009_6', 'Usuario de Prueba 6', 'testuser_1782571111009_6@buscaloya.com', '+54 291 5624675', 'buyer', '2026-05-07 00:59:00+00') ON CONFLICT (client_id) DO NOTHING;
INSERT INTO users (client_id, name, email, phone, role, created_at) VALUES ('mock_user_1782571113056_7', 'Usuario de Prueba 7', 'testuser_1782571113056_7@buscaloya.com', '+54 291 2041468', 'buyer', '2026-05-03 14:27:00+00') ON CONFLICT (client_id) DO NOTHING;
INSERT INTO users (client_id, name, email, phone, role, created_at) VALUES ('mock_user_1782571115720_8', 'Usuario de Prueba 8', 'testuser_1782571115720_8@buscaloya.com', '+54 291 6932219', 'buyer', '2026-05-02 19:25:00+00') ON CONFLICT (client_id) DO NOTHING;
INSERT INTO users (client_id, name, email, phone, role, created_at) VALUES ('mock_user_1782571118177_9', 'Usuario de Prueba 9', 'testuser_1782571118177_9@buscaloya.com', '+54 291 1945366', 'buyer', '2026-04-07 05:21:16.164+00') ON CONFLICT (client_id) DO NOTHING;
INSERT INTO users (client_id, name, email, phone, role, created_at) VALUES ('mock_user_1782571120844_10', 'Usuario de Prueba 10', 'testuser_1782571120844_10@buscaloya.com', '+54 291 3075277', 'buyer', '2026-05-19 23:04:16.029+00') ON CONFLICT (client_id) DO NOTHING;
INSERT INTO users (client_id, name, email, phone, role, created_at) VALUES ('mock_user_1782571124305_11', 'Usuario de Prueba 11', 'testuser_1782571124305_11@buscaloya.com', '+54 291 4165335', 'buyer', '2026-05-03 14:35:00+00') ON CONFLICT (client_id) DO NOTHING;
INSERT INTO users (client_id, name, email, phone, role, created_at) VALUES ('mock_user_1782571125876_12', 'Usuario de Prueba 12', 'testuser_1782571125876_12@buscaloya.com', '+54 291 6719432', 'buyer', '2026-03-29 14:38:27.96+00') ON CONFLICT (client_id) DO NOTHING;
INSERT INTO users (client_id, name, email, phone, role, created_at) VALUES ('mock_user_1782571127392_13', 'Usuario de Prueba 13', 'testuser_1782571127392_13@buscaloya.com', '+54 291 4949600', 'buyer', '2026-06-05 17:33:00+00') ON CONFLICT (client_id) DO NOTHING;
INSERT INTO users (client_id, name, email, phone, role, created_at) VALUES ('mock_user_1782571130055_14', 'Usuario de Prueba 14', 'testuser_1782571130055_14@buscaloya.com', '+54 291 6894446', 'buyer', '2026-05-05 01:48:00+00') ON CONFLICT (client_id) DO NOTHING;
INSERT INTO users (client_id, name, email, phone, role, created_at) VALUES ('mock_user_1782571131693_15', 'Usuario de Prueba 15', 'testuser_1782571131693_15@buscaloya.com', '+54 291 9931050', 'buyer', '2026-04-03 07:40:34.394+00') ON CONFLICT (client_id) DO NOTHING;
INSERT INTO users (client_id, name, email, phone, role, created_at) VALUES ('mock_user_1782571134052_16', 'Usuario de Prueba 16', 'testuser_1782571134052_16@buscaloya.com', '+54 291 9011012', 'buyer', '2026-06-11 05:29:34.826+00') ON CONFLICT (client_id) DO NOTHING;
INSERT INTO users (client_id, name, email, phone, role, created_at) VALUES ('mock_user_1782571135953_17', 'Usuario de Prueba 17', 'testuser_1782571135953_17@buscaloya.com', '+54 291 4185627', 'buyer', '2026-04-06 22:34:00+00') ON CONFLICT (client_id) DO NOTHING;
INSERT INTO users (client_id, name, email, phone, role, created_at) VALUES ('mock_user_1782571139274_18', 'Usuario de Prueba 18', 'testuser_1782571139274_18@buscaloya.com', '+54 291 1607669', 'buyer', '2026-04-16 03:05:28.554+00') ON CONFLICT (client_id) DO NOTHING;
INSERT INTO users (client_id, name, email, phone, role, created_at) VALUES ('mock_user_1782571141211_19', 'Usuario de Prueba 19', 'testuser_1782571141211_19@buscaloya.com', '+54 291 5057492', 'buyer', '2026-05-01 04:50:00+00') ON CONFLICT (client_id) DO NOTHING;
INSERT INTO users (client_id, name, email, phone, role, created_at) VALUES ('mock_user_1782571142648_20', 'Usuario de Prueba 20', 'testuser_1782571142648_20@buscaloya.com', '+54 291 8689328', 'buyer', '2026-05-30 12:06:09.897+00') ON CONFLICT (client_id) DO NOTHING;
INSERT INTO users (client_id, name, email, phone, role, created_at) VALUES ('mock_user_1782571144903_21', 'Usuario de Prueba 21', 'testuser_1782571144903_21@buscaloya.com', '+54 291 3438898', 'buyer', '2026-06-03 11:16:42.359+00') ON CONFLICT (client_id) DO NOTHING;
INSERT INTO users (client_id, name, email, phone, role, created_at) VALUES ('mock_user_1782571147156_22', 'Usuario de Prueba 22', 'testuser_1782571147156_22@buscaloya.com', '+54 291 1243636', 'buyer', '2026-04-06 05:06:00+00') ON CONFLICT (client_id) DO NOTHING;
INSERT INTO users (client_id, name, email, phone, role, created_at) VALUES ('mock_user_1782571149203_23', 'Usuario de Prueba 23', 'testuser_1782571149203_23@buscaloya.com', '+54 291 1963494', 'buyer', '2026-04-06 11:51:00+00') ON CONFLICT (client_id) DO NOTHING;
INSERT INTO users (client_id, name, email, phone, role, created_at) VALUES ('mock_user_1782571151866_24', 'Usuario de Prueba 24', 'testuser_1782571151866_24@buscaloya.com', '+54 291 3010660', 'buyer', '2026-04-06 15:31:00+00') ON CONFLICT (client_id) DO NOTHING;
INSERT INTO users (client_id, name, email, phone, role, created_at) VALUES ('mock_user_1782571153709_25', 'Usuario de Prueba 25', 'testuser_1782571153709_25@buscaloya.com', '+54 291 8424781', 'buyer', '2026-05-05 06:24:00+00') ON CONFLICT (client_id) DO NOTHING;
INSERT INTO users (client_id, name, email, phone, role, created_at) VALUES ('mock_user_1782571155347_26', 'Usuario de Prueba 26', 'testuser_1782571155347_26@buscaloya.com', '+54 291 4450571', 'buyer', '2026-05-03 17:57:00+00') ON CONFLICT (client_id) DO NOTHING;
INSERT INTO users (client_id, name, email, phone, role, created_at) VALUES ('mock_user_1782571156984_27', 'Usuario de Prueba 27', 'testuser_1782571156984_27@buscaloya.com', '+54 291 8348310', 'buyer', '2026-06-03 02:43:00+00') ON CONFLICT (client_id) DO NOTHING;
INSERT INTO users (client_id, name, email, phone, role, created_at) VALUES ('mock_user_1782571159647_28', 'Usuario de Prueba 28', 'testuser_1782571159647_28@buscaloya.com', '+54 291 6433230', 'buyer', '2026-05-02 11:21:00+00') ON CONFLICT (client_id) DO NOTHING;
INSERT INTO users (client_id, name, email, phone, role, created_at) VALUES ('mock_user_1782571161696_29', 'Usuario de Prueba 29', 'testuser_1782571161696_29@buscaloya.com', '+54 291 7524996', 'buyer', '2026-04-07 21:23:00+00') ON CONFLICT (client_id) DO NOTHING;
INSERT INTO users (client_id, name, email, phone, role, created_at) VALUES ('mock_user_1782571163645_30', 'Usuario de Prueba 30', 'testuser_1782571163645_30@buscaloya.com', '+54 291 3784487', 'buyer', '2026-06-07 02:56:00+00') ON CONFLICT (client_id) DO NOTHING;
INSERT INTO users (client_id, name, email, phone, role, created_at) VALUES ('mock_user_1782571165279_31', 'Usuario de Prueba 31', 'testuser_1782571165279_31@buscaloya.com', '+54 291 5634171', 'buyer', '2026-06-07 08:38:00+00') ON CONFLICT (client_id) DO NOTHING;
INSERT INTO users (client_id, name, email, phone, role, created_at) VALUES ('mock_user_1782571168454_32', 'Usuario de Prueba 32', 'testuser_1782571168454_32@buscaloya.com', '+54 291 7815594', 'buyer', '2026-06-03 08:01:00+00') ON CONFLICT (client_id) DO NOTHING;
INSERT INTO users (client_id, name, email, phone, role, created_at) VALUES ('mock_user_1782571170100_33', 'Usuario de Prueba 33', 'testuser_1782571170100_33@buscaloya.com', '+54 291 3386184', 'buyer', '2026-04-05 10:39:27.413+00') ON CONFLICT (client_id) DO NOTHING;
INSERT INTO users (client_id, name, email, phone, role, created_at) VALUES ('mock_user_1782571172754_34', 'Usuario de Prueba 34', 'testuser_1782571172754_34@buscaloya.com', '+54 291 5254053', 'buyer', '2026-06-25 18:36:54.232+00') ON CONFLICT (client_id) DO NOTHING;
INSERT INTO users (client_id, name, email, phone, role, created_at) VALUES ('mock_user_1782571176134_35', 'Usuario de Prueba 35', 'testuser_1782571176134_35@buscaloya.com', '+54 291 4800010', 'buyer', '2026-06-02 03:07:00+00') ON CONFLICT (client_id) DO NOTHING;
INSERT INTO users (client_id, name, email, phone, role, created_at) VALUES ('mock_user_1782571177978_36', 'Usuario de Prueba 36', 'testuser_1782571177978_36@buscaloya.com', '+54 291 7728685', 'buyer', '2026-04-01 11:46:31.157+00') ON CONFLICT (client_id) DO NOTHING;
INSERT INTO users (client_id, name, email, phone, role, created_at) VALUES ('mock_user_1782571179820_37', 'Usuario de Prueba 37', 'testuser_1782571179820_37@buscaloya.com', '+54 291 9725858', 'buyer', '2026-06-07 14:00:00+00') ON CONFLICT (client_id) DO NOTHING;
INSERT INTO users (client_id, name, email, phone, role, created_at) VALUES ('mock_user_1782571181663_38', 'Usuario de Prueba 38', 'testuser_1782571181663_38@buscaloya.com', '+54 291 5679184', 'buyer', '2026-04-06 14:42:00+00') ON CONFLICT (client_id) DO NOTHING;
INSERT INTO users (client_id, name, email, phone, role, created_at) VALUES ('mock_user_1782571183506_39', 'Usuario de Prueba 39', 'testuser_1782571183506_39@buscaloya.com', '+54 291 9854587', 'buyer', '2026-04-05 17:55:00+00') ON CONFLICT (client_id) DO NOTHING;
INSERT INTO users (client_id, name, email, phone, role, created_at) VALUES ('mock_user_1782571186374_40', 'Usuario de Prueba 40', 'testuser_1782571186374_40@buscaloya.com', '+54 291 7385631', 'buyer', '2026-04-03 14:01:00+00') ON CONFLICT (client_id) DO NOTHING;
INSERT INTO users (client_id, name, email, phone, role, created_at) VALUES ('mock_user_1782571189241_41', 'Usuario de Prueba 41', 'testuser_1782571189241_41@buscaloya.com', '+54 291 4003208', 'buyer', '2026-06-02 01:22:19.331+00') ON CONFLICT (client_id) DO NOTHING;
INSERT INTO users (client_id, name, email, phone, role, created_at) VALUES ('mock_user_1782571192722_42', 'Usuario de Prueba 42', 'testuser_1782571192722_42@buscaloya.com', '+54 291 5684906', 'buyer', '2026-04-05 05:52:00+00') ON CONFLICT (client_id) DO NOTHING;
INSERT INTO users (client_id, name, email, phone, role, created_at) VALUES ('mock_user_1782571194360_43', 'Usuario de Prueba 43', 'testuser_1782571194360_43@buscaloya.com', '+54 291 7092821', 'buyer', '2026-04-21 09:30:30.291+00') ON CONFLICT (client_id) DO NOTHING;
INSERT INTO users (client_id, name, email, phone, role, created_at) VALUES ('mock_user_1782571195999_44', 'Usuario de Prueba 44', 'testuser_1782571195999_44@buscaloya.com', '+54 291 1135108', 'buyer', '2026-05-06 09:09:00+00') ON CONFLICT (client_id) DO NOTHING;
INSERT INTO users (client_id, name, email, phone, role, created_at) VALUES ('mock_user_1782571198357_45', 'Usuario de Prueba 45', 'testuser_1782571198357_45@buscaloya.com', '+54 291 1259179', 'buyer', '2026-03-31 09:05:47.628+00') ON CONFLICT (client_id) DO NOTHING;
INSERT INTO users (client_id, name, email, phone, role, created_at) VALUES ('mock_user_1782571199786_46', 'Usuario de Prueba 46', 'testuser_1782571199786_46@buscaloya.com', '+54 291 5282658', 'buyer', '2026-06-07 20:39:00+00') ON CONFLICT (client_id) DO NOTHING;
INSERT INTO users (client_id, name, email, phone, role, created_at) VALUES ('mock_user_1782571201846_47', 'Usuario de Prueba 47', 'testuser_1782571201846_47@buscaloya.com', '+54 291 4590661', 'buyer', '2026-06-04 23:14:00+00') ON CONFLICT (client_id) DO NOTHING;
INSERT INTO users (client_id, name, email, phone, role, created_at) VALUES ('mock_user_1782571205316_48', 'Usuario de Prueba 48', 'testuser_1782571205316_48@buscaloya.com', '+54 291 2514430', 'buyer', '2026-06-04 17:53:00+00') ON CONFLICT (client_id) DO NOTHING;
INSERT INTO users (client_id, name, email, phone, role, created_at) VALUES ('mock_user_1782571207366_49', 'Usuario de Prueba 49', 'testuser_1782571207366_49@buscaloya.com', '+54 291 4204057', 'buyer', '2026-04-06 04:36:00+00') ON CONFLICT (client_id) DO NOTHING;
INSERT INTO users (client_id, name, email, phone, role, created_at) VALUES ('mock_user_1782571210439_50', 'Usuario de Prueba 50', 'testuser_1782571210439_50@buscaloya.com', '+54 291 2519755', 'buyer', '2026-05-03 16:36:00+00') ON CONFLICT (client_id) DO NOTHING;

-- INSERTING ADDRESSES
INSERT INTO addresses (address_id, client_id, title, street, city, lat, lng) VALUES ('001f7f84-ef0f-4ed8-a8fb-d0daf64302b4', 'mock_user_1782571130055_14', 'Mi Casa', 'Alvarado 300', 'Bahía Blanca', -38.7145, -62.2655) ON CONFLICT (address_id) DO NOTHING;
INSERT INTO addresses (address_id, client_id, title, street, city, lat, lng) VALUES ('0a84502d-4e3e-4654-bc1d-331b194bf9c7', 'mock_user_1782571194360_43', 'Mi Casa', 'Rosario 200', 'Bahía Blanca', -38.703, -62.2615) ON CONFLICT (address_id) DO NOTHING;
INSERT INTO addresses (address_id, client_id, title, street, city, lat, lng) VALUES ('0e5a9a96-6576-4dd0-8e10-e193ef743f84', 'mock_user_1782571147156_22', 'Mi Casa', 'Brandsen 150', 'Bahía Blanca', -38.7175, -62.261) ON CONFLICT (address_id) DO NOTHING;
INSERT INTO addresses (address_id, client_id, title, street, city, lat, lng) VALUES ('1878c0fe-5f85-4b6f-bf4f-2822db858496', 'mock_user_1782571115720_8', 'Mi Casa', 'Soler 250', 'Bahía Blanca', -38.72, -62.265) ON CONFLICT (address_id) DO NOTHING;
INSERT INTO addresses (address_id, client_id, title, street, city, lat, lng) VALUES ('1b7c8a1d-d6d9-443b-ad99-0de2ae2d91db', 'mock_user_1782571163645_30', 'Mi Casa', 'Rivadavia 500', 'Bahía Blanca', -38.7225, -62.265) ON CONFLICT (address_id) DO NOTHING;
INSERT INTO addresses (address_id, client_id, title, street, city, lat, lng) VALUES ('366183f3-ed5a-4a5d-b797-fb4ee8d23d2a', 'mock_user_1782571118177_9', 'Mi Casa', 'Belgrano 100', 'Bahía Blanca', -38.7188, -62.264) ON CONFLICT (address_id) DO NOTHING;
INSERT INTO addresses (address_id, client_id, title, street, city, lat, lng) VALUES ('37631274-034a-4742-864e-c4dfc07bafed', 'mock_user_1782571101587_2', 'Mi Casa', 'Chiclana 400', 'Bahía Blanca', -38.7161, -62.2661) ON CONFLICT (address_id) DO NOTHING;
INSERT INTO addresses (address_id, client_id, title, street, city, lat, lng) VALUES ('381894fa-be51-4d0d-bd8a-c55b0f1c0b71', 'mock_user_1782571189241_41', 'Mi Casa', 'Florida 300', 'Bahía Blanca', -38.706, -62.2645) ON CONFLICT (address_id) DO NOTHING;
INSERT INTO addresses (address_id, client_id, title, street, city, lat, lng) VALUES ('3a679d74-2d52-4bc8-8aa6-879f62187278', 'mock_user_1782571199786_46', 'Mi Casa', 'Beruti 500', 'Bahía Blanca', -38.7215, -62.2675) ON CONFLICT (address_id) DO NOTHING;
INSERT INTO addresses (address_id, client_id, title, street, city, lat, lng) VALUES ('3e7c518d-46bf-4ba1-abc6-05987d8d3bfa', 'mock_user_1782571161696_29', 'Mi Casa', 'Villarino 200', 'Bahía Blanca', -38.723, -62.263) ON CONFLICT (address_id) DO NOTHING;
INSERT INTO addresses (address_id, client_id, title, street, city, lat, lng) VALUES ('3f727584-01be-4c2b-9933-3753cd426926', 'mock_user_1782571176134_35', 'Mi Casa', 'Castelli 350', 'Bahía Blanca', -38.714, -62.273) ON CONFLICT (address_id) DO NOTHING;
INSERT INTO addresses (address_id, client_id, title, street, city, lat, lng) VALUES ('52c5e6ba-3050-44a9-b031-fd9c8eea1f9b', 'mock_user_1782571104200_3', 'Mi Casa', 'Av. Alem 1250', 'Bahía Blanca', -38.7052, -62.2645) ON CONFLICT (address_id) DO NOTHING;
INSERT INTO addresses (address_id, client_id, title, street, city, lat, lng) VALUES ('5327aabb-d7dd-4f8b-9abf-2c5a571f9829', 'mock_user_1782571172754_34', 'Mi Casa', 'Blandengues 200', 'Bahía Blanca', -38.7155, -62.2745) ON CONFLICT (address_id) DO NOTHING;
INSERT INTO addresses (address_id, client_id, title, street, city, lat, lng) VALUES ('53b9aed3-def8-4978-9564-bd1dc88f9c25', 'mock_user_1782571135953_17', 'Mi Casa', 'Zapiola 500', 'Bahía Blanca', -38.712, -62.2695) ON CONFLICT (address_id) DO NOTHING;
INSERT INTO addresses (address_id, client_id, title, street, city, lat, lng) VALUES ('53f19396-e7c1-4ac3-83d8-b8e2a6b42aa6', 'mock_user_1782571195999_44', 'Mi Casa', 'Cervantes 350', 'Bahía Blanca', -38.7015, -62.26) ON CONFLICT (address_id) DO NOTHING;
INSERT INTO addresses (address_id, client_id, title, street, city, lat, lng) VALUES ('5a3a5e8a-45fb-4109-87f7-34721674c955', 'mock_user_1782571183506_39', 'Mi Casa', 'Gorriti 400', 'Bahía Blanca', -38.7085, -62.2675) ON CONFLICT (address_id) DO NOTHING;
INSERT INTO addresses (address_id, client_id, title, street, city, lat, lng) VALUES ('60954b4e-942f-4611-bd60-cf697d1f2963', 'mock_user_1782571111009_6', 'Mi Casa', 'Estomba 350', 'Bahía Blanca', -38.717, -62.268) ON CONFLICT (address_id) DO NOTHING;
INSERT INTO addresses (address_id, client_id, title, street, city, lat, lng) VALUES ('6578ad7a-9ac0-4428-b15e-a6153ff8c389', 'mock_user_1782571134052_16', 'Mi Casa', 'Rodríguez 150', 'Bahía Blanca', -38.714, -62.2685) ON CONFLICT (address_id) DO NOTHING;
INSERT INTO addresses (address_id, client_id, title, street, city, lat, lng) VALUES ('67db8687-173c-4981-b642-a88c3fcf0887', 'mock_user_1782571210439_50', 'Mi Casa', 'Maldonado 300', 'Bahía Blanca', -38.7265, -62.2735) ON CONFLICT (address_id) DO NOTHING;
INSERT INTO addresses (address_id, client_id, title, street, city, lat, lng) VALUES ('688fa1e1-ac64-4b2a-a1e3-e066a81cdd14', 'mock_user_1782571181663_38', 'Mi Casa', 'Bravard 250', 'Bahía Blanca', -38.7095, -62.269) ON CONFLICT (address_id) DO NOTHING;
INSERT INTO addresses (address_id, client_id, title, street, city, lat, lng) VALUES ('6a01d2ae-e2aa-4165-8a46-5311e0dea806', 'mock_user_1782571139274_18', 'Mi Casa', 'Urquiza 350', 'Bahía Blanca', -38.7135, -62.271) ON CONFLICT (address_id) DO NOTHING;
INSERT INTO addresses (address_id, client_id, title, street, city, lat, lng) VALUES ('7b015d1a-6ab1-4551-8489-7e1ef5f01c45', 'mock_user_1782571144903_21', 'Mi Casa', '12 de Octubre 800', 'Bahía Blanca', -38.708, -62.262) ON CONFLICT (address_id) DO NOTHING;
INSERT INTO addresses (address_id, client_id, title, street, city, lat, lng) VALUES ('7d2dd45e-53f0-4104-82c0-157942f761f1', 'mock_user_1782571127392_13', 'Mi Casa', 'Lamadrid 150', 'Bahía Blanca', -38.716, -62.264) ON CONFLICT (address_id) DO NOTHING;
INSERT INTO addresses (address_id, client_id, title, street, city, lat, lng) VALUES ('82b5e8ce-2e13-420d-8598-fd4d77865d24', 'mock_user_1782571192722_42', 'Mi Casa', 'Cuyo 450', 'Bahía Blanca', -38.7045, -62.263) ON CONFLICT (address_id) DO NOTHING;
INSERT INTO addresses (address_id, client_id, title, street, city, lat, lng) VALUES ('8bc00346-cdf7-433a-b263-16b4c199c160', 'mock_user_1782571177978_36', 'Mi Casa', 'Güemes 150', 'Bahía Blanca', -38.7125, -62.272) ON CONFLICT (address_id) DO NOTHING;
INSERT INTO addresses (address_id, client_id, title, street, city, lat, lng) VALUES ('943840d9-8a5d-4b9f-aa02-576712c81470', 'mock_user_1782571120844_10', 'Mi Casa', 'Donado 200', 'Bahía Blanca', -38.7195, -62.2635) ON CONFLICT (address_id) DO NOTHING;
INSERT INTO addresses (address_id, client_id, title, street, city, lat, lng) VALUES ('954e7ef2-8be4-42f2-a00e-dec3342a2406', 'mock_user_1782571155347_26', 'Mi Casa', 'General Paz 150', 'Bahía Blanca', -38.7195, -62.2595) ON CONFLICT (address_id) DO NOTHING;
INSERT INTO addresses (address_id, client_id, title, street, city, lat, lng) VALUES ('9824f432-3882-4ec2-b886-259c68160805', 'mock_user_1782571205316_48', 'Mi Casa', 'Italia 400', 'Bahía Blanca', -38.7245, -62.2705) ON CONFLICT (address_id) DO NOTHING;
INSERT INTO addresses (address_id, client_id, title, street, city, lat, lng) VALUES ('9a90cef6-b783-4125-a8eb-3c056cb7b7bb', 'mock_user_1782571159647_28', 'Mi Casa', 'Saavedra 450', 'Bahía Blanca', -38.722, -62.2615) ON CONFLICT (address_id) DO NOTHING;
INSERT INTO addresses (address_id, client_id, title, street, city, lat, lng) VALUES ('9e4e7cbc-e61c-49ed-9da0-4ca49dbfab38', 'mock_user_1782571124305_11', 'Mi Casa', 'Fitz Roy 300', 'Bahía Blanca', -38.7205, -62.2625) ON CONFLICT (address_id) DO NOTHING;
INSERT INTO addresses (address_id, client_id, title, street, city, lat, lng) VALUES ('a096075a-b59a-44dd-aef5-8409081fd4f2', 'mock_user_1782571165279_31', 'Mi Casa', 'Caronti 150', 'Bahía Blanca', -38.719, -62.2715) ON CONFLICT (address_id) DO NOTHING;
INSERT INTO addresses (address_id, client_id, title, street, city, lat, lng) VALUES ('a4cdb408-dc13-4112-bd77-8f87d36cbf81', 'mock_user_1782571131693_15', 'Mi Casa', 'Sarmiento 250', 'Bahía Blanca', -38.713, -62.267) ON CONFLICT (address_id) DO NOTHING;
INSERT INTO addresses (address_id, client_id, title, street, city, lat, lng) VALUES ('a7182fb6-ea90-4295-856a-65daeed65a67', 'mock_user_1782571141211_19', 'Mi Casa', 'Casanova 600', 'Bahía Blanca', -38.71, -62.268) ON CONFLICT (address_id) DO NOTHING;
INSERT INTO addresses (address_id, client_id, title, street, city, lat, lng) VALUES ('ab9194c9-5400-4d78-b3fe-e8fb87dfccc2', 'mock_user_1782571153709_25', 'Mi Casa', 'Dorrego 250', 'Bahía Blanca', -38.7185, -62.258) ON CONFLICT (address_id) DO NOTHING;
INSERT INTO addresses (address_id, client_id, title, street, city, lat, lng) VALUES ('aeadfdc6-8a42-4a0a-b5d1-5d4d437de01a', 'mock_user_1782571106912_4', 'Mi Casa', 'San Martín 200', 'Bahía Blanca', -38.718, -62.2675) ON CONFLICT (address_id) DO NOTHING;
INSERT INTO addresses (address_id, client_id, title, street, city, lat, lng) VALUES ('b72fca1b-2908-4c53-97b8-1103f01740bf', 'mock_user_1782571179820_37', 'Mi Casa', 'Vieytes 500', 'Bahía Blanca', -38.711, -62.2705) ON CONFLICT (address_id) DO NOTHING;
INSERT INTO addresses (address_id, client_id, title, street, city, lat, lng) VALUES ('c0f6dccd-ee30-4e87-8b25-527f7d1ddbec', 'mock_user_1782571156984_27', 'Mi Casa', 'Brown 300', 'Bahía Blanca', -38.721, -62.2605) ON CONFLICT (address_id) DO NOTHING;
INSERT INTO addresses (address_id, client_id, title, street, city, lat, lng) VALUES ('c4648f06-514c-46c9-a72b-0e08a898ce0f', 'mock_user_1782571097763_1', 'Mi Casa', 'Alsina 150', 'Bahía Blanca', -38.7185, -62.2662) ON CONFLICT (address_id) DO NOTHING;
INSERT INTO addresses (address_id, client_id, title, street, city, lat, lng) VALUES ('c60a4c7e-49b3-4863-ae9a-82aeeae54602', 'mock_user_1782571149203_23', 'Mi Casa', 'Corrientes 300', 'Bahía Blanca', -38.7165, -62.26) ON CONFLICT (address_id) DO NOTHING;
INSERT INTO addresses (address_id, client_id, title, street, city, lat, lng) VALUES ('cea3229e-82bb-4ff3-b5bb-f8ec12f5726a', 'mock_user_1782571125876_12', 'Mi Casa', 'Las Heras 450', 'Bahía Blanca', -38.7155, -62.263) ON CONFLICT (address_id) DO NOTHING;
INSERT INTO addresses (address_id, client_id, title, street, city, lat, lng) VALUES ('d4d2d3d2-7c9a-43bb-a47e-94533188cfa1', 'mock_user_1782571142648_20', 'Mi Casa', '11 de Abril 200', 'Bahía Blanca', -38.7125, -62.265) ON CONFLICT (address_id) DO NOTHING;
INSERT INTO addresses (address_id, client_id, title, street, city, lat, lng) VALUES ('d6556c81-8e1a-4a18-a95b-0bfaf47fbaeb', 'mock_user_1782571113056_7', 'Mi Casa', 'Mitre 150', 'Bahía Blanca', -38.719, -62.269) ON CONFLICT (address_id) DO NOTHING;
INSERT INTO addresses (address_id, client_id, title, street, city, lat, lng) VALUES ('dc45b663-48dc-49b1-9a0b-eab294240516', 'mock_user_1782571207366_49', 'Mi Casa', 'Thompson 150', 'Bahía Blanca', -38.7255, -62.272) ON CONFLICT (address_id) DO NOTHING;
INSERT INTO addresses (address_id, client_id, title, street, city, lat, lng) VALUES ('e125ecc2-f63e-48da-beb4-8b523edaae64', 'mock_user_1782571151866_24', 'Mi Casa', 'Lavalle 400', 'Bahía Blanca', -38.715, -62.259) ON CONFLICT (address_id) DO NOTHING;
INSERT INTO addresses (address_id, client_id, title, street, city, lat, lng) VALUES ('e22ad436-2a5f-410f-8095-f56665987148', 'mock_user_1782571168454_32', 'Mi Casa', 'Paraguay 300', 'Bahía Blanca', -38.718, -62.2725) ON CONFLICT (address_id) DO NOTHING;
INSERT INTO addresses (address_id, client_id, title, street, city, lat, lng) VALUES ('e6ae6d3f-6989-4bb3-b0e9-626523b377be', 'mock_user_1782571186374_40', 'Mi Casa', 'Borges 150', 'Bahía Blanca', -38.707, -62.266) ON CONFLICT (address_id) DO NOTHING;
INSERT INTO addresses (address_id, client_id, title, street, city, lat, lng) VALUES ('ebed1c12-daf8-4b8a-b56e-5406e92e053d', 'mock_user_1782571201846_47', 'Mi Casa', 'Darregueira 250', 'Bahía Blanca', -38.7235, -62.269) ON CONFLICT (address_id) DO NOTHING;
INSERT INTO addresses (address_id, client_id, title, street, city, lat, lng) VALUES ('f51ae5a1-19f3-4527-9163-9917979f47a3', 'mock_user_1782571108345_5', 'Mi Casa', 'Zelarrayán 500', 'Bahía Blanca', -38.715, -62.27) ON CONFLICT (address_id) DO NOTHING;
INSERT INTO addresses (address_id, client_id, title, street, city, lat, lng) VALUES ('f764fc8c-9f9b-4106-997d-1bf1b9ce8cf8', 'mock_user_1782571198357_45', 'Mi Casa', 'O''Higgins 150', 'Bahía Blanca', -38.7195, -62.266) ON CONFLICT (address_id) DO NOTHING;
INSERT INTO addresses (address_id, client_id, title, street, city, lat, lng) VALUES ('fd8cdadc-9e1b-4cdb-8ec9-9c21e92a5fec', 'mock_user_1782571170100_33', 'Mi Casa', 'Holdich 450', 'Bahía Blanca', -38.717, -62.2735) ON CONFLICT (address_id) DO NOTHING;

-- INSERTING PURCHASES, ORDERS & ITEMS
INSERT INTO purchases (purchase_id, client_id, address_id, amount, status, created_at) VALUES ('ea55e7c1-5820-4fb1-bbd8-bf67639f1427', 'mock_user_1782571111009_6', '60954b4e-942f-4611-bd60-cf697d1f2963', 17067, 'PENDING', '2026-06-27T18:30:26.930Z');
INSERT INTO orders (order_id, purchase_id, store_name, status, delivery_code, created_at) VALUES ('d941f369-7184-47e1-9b54-ee7dbb709aca', 'ea55e7c1-5820-4fb1-bbd8-bf67639f1427', 'Pizzería Roma', 'PAYMENT_PENDING', 1499, '2026-06-27T18:30:26.930Z');
INSERT INTO order_items (order_id, product_name, quantity) VALUES ('d941f369-7184-47e1-9b54-ee7dbb709aca', 'Cerveza Artesanal IPA', 1);
INSERT INTO order_items (order_id, product_name, quantity) VALUES ('d941f369-7184-47e1-9b54-ee7dbb709aca', 'Pizza Muzzarella', 2);
INSERT INTO purchases (purchase_id, client_id, address_id, amount, status, created_at) VALUES ('6440d0e4-05af-432b-aa74-0732d61e920e', 'mock_user_1782571172754_34', '5327aabb-d7dd-4f8b-9abf-2c5a571f9829', 10382, 'PENDING', '2026-06-25T18:30:26.930Z');
INSERT INTO orders (order_id, purchase_id, store_name, status, delivery_code, created_at) VALUES ('e03edb3f-ff16-4c89-9fb0-7eff3998813b', '6440d0e4-05af-432b-aa74-0732d61e920e', 'Farmacia del Centro', 'PAYMENT_PENDING', 5053, '2026-06-25T18:30:26.930Z');
INSERT INTO order_items (order_id, product_name, quantity) VALUES ('e03edb3f-ff16-4c89-9fb0-7eff3998813b', 'Ibuprofeno 400mg', 1);
INSERT INTO order_items (order_id, product_name, quantity) VALUES ('e03edb3f-ff16-4c89-9fb0-7eff3998813b', 'Shampoo Anticaspa', 1);
INSERT INTO order_items (order_id, product_name, quantity) VALUES ('e03edb3f-ff16-4c89-9fb0-7eff3998813b', 'Pasta Dental', 2);
INSERT INTO purchases (purchase_id, client_id, address_id, amount, status, created_at) VALUES ('c0b64913-ebc3-4e66-83ca-91c76706da29', 'mock_user_1782571195999_44', '53f19396-e7c1-4ac3-83d8-b8e2a6b42aa6', 9173, 'PENDING', '2026-06-24T18:30:26.930Z');
INSERT INTO orders (order_id, purchase_id, store_name, status, delivery_code, created_at) VALUES ('98ff56d3-4829-47bf-9f2b-b3aecd6e9ce1', 'c0b64913-ebc3-4e66-83ca-91c76706da29', 'Farmacia del Centro', 'PAYMENT_PENDING', 3286, '2026-06-24T18:30:26.930Z');
INSERT INTO order_items (order_id, product_name, quantity) VALUES ('98ff56d3-4829-47bf-9f2b-b3aecd6e9ce1', 'Alcohol en Gel 500ml', 2);
INSERT INTO order_items (order_id, product_name, quantity) VALUES ('98ff56d3-4829-47bf-9f2b-b3aecd6e9ce1', 'Pasta Dental', 2);
INSERT INTO purchases (purchase_id, client_id, address_id, amount, status, created_at) VALUES ('ff90b90f-f818-406f-813d-eff53147fb91', 'mock_user_1782571176134_35', '3f727584-01be-4c2b-9933-3753cd426926', 16602, 'PENDING', '2026-06-25T18:30:26.930Z');
INSERT INTO orders (order_id, purchase_id, store_name, status, delivery_code, created_at) VALUES ('daebefcf-6414-49ca-9907-058c1dfb8fce', 'ff90b90f-f818-406f-813d-eff53147fb91', 'Pizzería Roma', 'PAYMENT_PENDING', 9141, '2026-06-25T18:30:26.930Z');
INSERT INTO order_items (order_id, product_name, quantity) VALUES ('daebefcf-6414-49ca-9907-058c1dfb8fce', 'Pizza Especial', 2);
INSERT INTO purchases (purchase_id, client_id, address_id, amount, status, created_at) VALUES ('0262d431-ed73-4755-8349-c6f6578c37e2', 'mock_user_1782571176134_35', '3f727584-01be-4c2b-9933-3753cd426926', 39620, 'PENDING', '2026-06-27T18:30:26.930Z');
INSERT INTO orders (order_id, purchase_id, store_name, status, delivery_code, created_at) VALUES ('6e1db3a9-fc17-4b57-ad7a-b6dba277eb98', '0262d431-ed73-4755-8349-c6f6578c37e2', 'Pizzería Roma', 'PAYMENT_PENDING', 5214, '2026-06-27T18:30:26.930Z');
INSERT INTO order_items (order_id, product_name, quantity) VALUES ('6e1db3a9-fc17-4b57-ad7a-b6dba277eb98', 'Docena de Empanadas', 2);
INSERT INTO order_items (order_id, product_name, quantity) VALUES ('6e1db3a9-fc17-4b57-ad7a-b6dba277eb98', 'Pizza Muzzarella', 2);
INSERT INTO order_items (order_id, product_name, quantity) VALUES ('6e1db3a9-fc17-4b57-ad7a-b6dba277eb98', 'Cerveza Artesanal IPA', 2);
INSERT INTO purchases (purchase_id, client_id, address_id, amount, status, created_at) VALUES ('430208b0-b5b4-48c9-b3c0-f8d7406157e3', 'mock_user_1782571205316_48', '9824f432-3882-4ec2-b886-259c68160805', 16314, 'PAID', '2026-06-25T18:30:26.930Z');
INSERT INTO orders (order_id, purchase_id, store_name, status, delivery_code, created_at) VALUES ('91953f50-7220-46f6-84ec-1372a39f5e91', '430208b0-b5b4-48c9-b3c0-f8d7406157e3', 'Farmacia del Centro', 'PREPARING', 2876, '2026-06-25T18:30:26.930Z');
INSERT INTO order_items (order_id, product_name, quantity) VALUES ('91953f50-7220-46f6-84ec-1372a39f5e91', 'Shampoo Anticaspa', 2);
INSERT INTO order_items (order_id, product_name, quantity) VALUES ('91953f50-7220-46f6-84ec-1372a39f5e91', 'Pasta Dental', 2);
INSERT INTO order_items (order_id, product_name, quantity) VALUES ('91953f50-7220-46f6-84ec-1372a39f5e91', 'Ibuprofeno 400mg', 2);
INSERT INTO purchases (purchase_id, client_id, address_id, amount, status, created_at) VALUES ('708b2899-6b17-4515-a8ec-219724203f9f', 'mock_user_1782571198357_45', 'f764fc8c-9f9b-4106-997d-1bf1b9ce8cf8', 5626, 'PAID', '2026-06-26T18:30:26.930Z');
INSERT INTO orders (order_id, purchase_id, store_name, status, delivery_code, created_at) VALUES ('518cc912-45fa-42e6-969f-ac5bf5c8b56e', '708b2899-6b17-4515-a8ec-219724203f9f', 'Librería Estudiantil', 'PREPARING', 9160, '2026-06-26T18:30:26.930Z');
INSERT INTO order_items (order_id, product_name, quantity) VALUES ('518cc912-45fa-42e6-969f-ac5bf5c8b56e', 'Bolígrafo Azul', 2);
INSERT INTO order_items (order_id, product_name, quantity) VALUES ('518cc912-45fa-42e6-969f-ac5bf5c8b56e', 'Resaltadores x4', 1);
INSERT INTO purchases (purchase_id, client_id, address_id, amount, status, created_at) VALUES ('d21d9b05-17a1-4d7a-8b9d-d69e26e49105', 'mock_user_1782571189241_41', '381894fa-be51-4d0d-bd8a-c55b0f1c0b71', 5913, 'PAID', '2026-06-27T18:30:26.930Z');
INSERT INTO orders (order_id, purchase_id, store_name, status, delivery_code, created_at) VALUES ('cba684b5-f1c1-4ba2-b897-1f07d18c2363', 'd21d9b05-17a1-4d7a-8b9d-d69e26e49105', 'Super Todo', 'PREPARING', 2584, '2026-06-27T18:30:26.930Z');
INSERT INTO order_items (order_id, product_name, quantity) VALUES ('cba684b5-f1c1-4ba2-b897-1f07d18c2363', 'Leche Entera 1L', 1);
INSERT INTO order_items (order_id, product_name, quantity) VALUES ('cba684b5-f1c1-4ba2-b897-1f07d18c2363', 'Galletitas Dulces', 1);
INSERT INTO order_items (order_id, product_name, quantity) VALUES ('cba684b5-f1c1-4ba2-b897-1f07d18c2363', 'Fideos Spaghetti', 2);
INSERT INTO purchases (purchase_id, client_id, address_id, amount, status, created_at) VALUES ('161086f0-c902-4cae-a3de-16393d2c70fc', 'mock_user_1782571210439_50', '67db8687-173c-4981-b642-a88c3fcf0887', 5782, 'PAID', '2026-06-24T18:30:26.930Z');
INSERT INTO orders (order_id, purchase_id, store_name, status, delivery_code, created_at) VALUES ('619de708-2e9d-4b54-bd45-342908c9ace6', '161086f0-c902-4cae-a3de-16393d2c70fc', 'Librería Estudiantil', 'PREPARING', 4582, '2026-06-24T18:30:26.930Z');
INSERT INTO order_items (order_id, product_name, quantity) VALUES ('619de708-2e9d-4b54-bd45-342908c9ace6', 'Cuaderno Universitario', 1);
INSERT INTO purchases (purchase_id, client_id, address_id, amount, status, created_at) VALUES ('d5798c7e-c3b3-44ba-9af0-686d21ec631c', 'mock_user_1782571179820_37', 'b72fca1b-2908-4c53-97b8-1103f01740bf', 27918, 'PAID', '2026-06-28T18:30:26.930Z');
INSERT INTO orders (order_id, purchase_id, store_name, status, delivery_code, created_at) VALUES ('70d171e3-d938-43b1-aa14-45d316d598b7', 'd5798c7e-c3b3-44ba-9af0-686d21ec631c', 'Pizzería Roma', 'PREPARING', 9385, '2026-06-28T18:30:26.930Z');
INSERT INTO order_items (order_id, product_name, quantity) VALUES ('70d171e3-d938-43b1-aa14-45d316d598b7', 'Docena de Empanadas', 2);
INSERT INTO order_items (order_id, product_name, quantity) VALUES ('70d171e3-d938-43b1-aa14-45d316d598b7', 'Pizza Especial', 1);
INSERT INTO purchases (purchase_id, client_id, address_id, amount, status, created_at) VALUES ('c5e93381-2dca-4867-9b0b-78f39d4b27f3', 'mock_user_1782571106912_4', 'aeadfdc6-8a42-4a0a-b5d1-5d4d437de01a', 40852, 'PAID', '2026-06-26T18:30:26.930Z');
INSERT INTO orders (order_id, purchase_id, store_name, status, delivery_code, created_at) VALUES ('82dcbaea-0c2f-44ca-8284-582092de95dd', 'c5e93381-2dca-4867-9b0b-78f39d4b27f3', 'Librería Estudiantil', 'COURIER_ASSIGNED', 2997, '2026-06-26T18:30:26.930Z');
INSERT INTO order_items (order_id, product_name, quantity) VALUES ('82dcbaea-0c2f-44ca-8284-582092de95dd', 'Mochila Escolar', 1);
INSERT INTO order_items (order_id, product_name, quantity) VALUES ('82dcbaea-0c2f-44ca-8284-582092de95dd', 'Bolígrafo Azul', 2);
INSERT INTO order_items (order_id, product_name, quantity) VALUES ('82dcbaea-0c2f-44ca-8284-582092de95dd', 'Resaltadores x4', 1);
INSERT INTO purchases (purchase_id, client_id, address_id, amount, status, created_at) VALUES ('e835163a-7ee7-4c59-ae69-3ed9537106f2', 'mock_user_1782571161696_29', '3e7c518d-46bf-4ba1-abc6-05987d8d3bfa', 66912, 'PAID', '2026-06-25T18:30:26.930Z');
INSERT INTO orders (order_id, purchase_id, store_name, status, delivery_code, created_at) VALUES ('161f8133-449a-4df3-ab99-1ccf7eb1ab68', 'e835163a-7ee7-4c59-ae69-3ed9537106f2', 'TecnoSur', 'COURIER_ASSIGNED', 5063, '2026-06-25T18:30:26.930Z');
INSERT INTO order_items (order_id, product_name, quantity) VALUES ('161f8133-449a-4df3-ab99-1ccf7eb1ab68', 'Auriculares Inalámbricos', 2);
INSERT INTO order_items (order_id, product_name, quantity) VALUES ('161f8133-449a-4df3-ab99-1ccf7eb1ab68', 'Cargador Rápido USB-C', 1);
INSERT INTO order_items (order_id, product_name, quantity) VALUES ('161f8133-449a-4df3-ab99-1ccf7eb1ab68', 'Funda de Silicona', 1);
INSERT INTO purchases (purchase_id, client_id, address_id, amount, status, created_at) VALUES ('15f700c4-d49b-4329-a71f-853a0d3c0897', 'mock_user_1782571168454_32', 'e22ad436-2a5f-410f-8095-f56665987148', 4996, 'PAID', '2026-06-24T18:30:26.930Z');
INSERT INTO orders (order_id, purchase_id, store_name, status, delivery_code, created_at) VALUES ('f0170e83-be7d-4d91-ac8f-653513acc459', '15f700c4-d49b-4329-a71f-853a0d3c0897', 'TecnoSur', 'COURIER_ASSIGNED', 1486, '2026-06-24T18:30:26.930Z');
INSERT INTO order_items (order_id, product_name, quantity) VALUES ('f0170e83-be7d-4d91-ac8f-653513acc459', 'Funda de Silicona', 1);
INSERT INTO purchases (purchase_id, client_id, address_id, amount, status, created_at) VALUES ('ec618a83-f804-4001-9a59-938d74a80fc9', 'mock_user_1782571141211_19', 'a7182fb6-ea90-4295-856a-65daeed65a67', 8060, 'PAID', '2026-06-28T18:30:26.930Z');
INSERT INTO orders (order_id, purchase_id, store_name, status, delivery_code, created_at) VALUES ('1589a989-000d-44cd-acc0-49933fafd468', 'ec618a83-f804-4001-9a59-938d74a80fc9', 'Super Todo', 'COURIER_ASSIGNED', 5245, '2026-06-28T18:30:26.930Z');
INSERT INTO order_items (order_id, product_name, quantity) VALUES ('1589a989-000d-44cd-acc0-49933fafd468', 'Yerba Mate', 2);
INSERT INTO order_items (order_id, product_name, quantity) VALUES ('1589a989-000d-44cd-acc0-49933fafd468', 'Fideos Spaghetti', 1);
INSERT INTO purchases (purchase_id, client_id, address_id, amount, status, created_at) VALUES ('ba6f4eaf-cf92-4f8f-b305-8193aa4e6b1a', 'mock_user_1782571183506_39', '5a3a5e8a-45fb-4109-87f7-34721674c955', 42664, 'PAID', '2026-06-26T18:30:26.930Z');
INSERT INTO orders (order_id, purchase_id, store_name, status, delivery_code, created_at) VALUES ('123fe899-d6a9-4d63-806c-0dcf5acf0caa', 'ba6f4eaf-cf92-4f8f-b305-8193aa4e6b1a', 'Librería Estudiantil', 'COURIER_ASSIGNED', 9108, '2026-06-26T18:30:26.930Z');
INSERT INTO order_items (order_id, product_name, quantity) VALUES ('123fe899-d6a9-4d63-806c-0dcf5acf0caa', 'Resaltadores x4', 2);
INSERT INTO order_items (order_id, product_name, quantity) VALUES ('123fe899-d6a9-4d63-806c-0dcf5acf0caa', 'Mochila Escolar', 1);
INSERT INTO purchases (purchase_id, client_id, address_id, amount, status, created_at) VALUES ('bca83081-1d8d-4b28-a3c1-b3cd80f3a247', 'mock_user_1782571156984_27', 'c0f6dccd-ee30-4e87-8b25-527f7d1ddbec', 8377, 'PAID', '2026-06-28T18:30:26.930Z');
INSERT INTO orders (order_id, purchase_id, store_name, status, delivery_code, created_at) VALUES ('9ab51a78-b22f-4747-870e-ea3eeb2b0653', 'bca83081-1d8d-4b28-a3c1-b3cd80f3a247', 'Farmacia del Centro', 'PICKED_UP', 5402, '2026-06-28T18:30:26.930Z');
INSERT INTO order_items (order_id, product_name, quantity) VALUES ('9ab51a78-b22f-4747-870e-ea3eeb2b0653', 'Shampoo Anticaspa', 1);
INSERT INTO order_items (order_id, product_name, quantity) VALUES ('9ab51a78-b22f-4747-870e-ea3eeb2b0653', 'Alcohol en Gel 500ml', 1);
INSERT INTO order_items (order_id, product_name, quantity) VALUES ('9ab51a78-b22f-4747-870e-ea3eeb2b0653', 'Ibuprofeno 400mg', 1);
INSERT INTO purchases (purchase_id, client_id, address_id, amount, status, created_at) VALUES ('134e9023-5ac8-4163-8430-7692e6ef5567', 'mock_user_1782571131693_15', 'a4cdb408-dc13-4112-bd77-8f87d36cbf81', 8756, 'PAID', '2026-06-26T18:30:26.930Z');
INSERT INTO orders (order_id, purchase_id, store_name, status, delivery_code, created_at) VALUES ('74c09d0f-6798-44b8-88ed-71ea7c4590ba', '134e9023-5ac8-4163-8430-7692e6ef5567', 'Farmacia del Centro', 'PICKED_UP', 5176, '2026-06-26T18:30:26.930Z');
INSERT INTO order_items (order_id, product_name, quantity) VALUES ('74c09d0f-6798-44b8-88ed-71ea7c4590ba', 'Shampoo Anticaspa', 2);
INSERT INTO purchases (purchase_id, client_id, address_id, amount, status, created_at) VALUES ('50f455c3-9839-46ab-a1aa-6b15fc8c2738', 'mock_user_1782571135953_17', '53b9aed3-def8-4978-9564-bd1dc88f9c25', 33416, 'PAID', '2026-06-24T18:30:26.930Z');
INSERT INTO orders (order_id, purchase_id, store_name, status, delivery_code, created_at) VALUES ('66e8a22e-081c-485f-b2c6-5ef81ba682ae', '50f455c3-9839-46ab-a1aa-6b15fc8c2738', 'TecnoSur', 'PICKED_UP', 2098, '2026-06-24T18:30:26.930Z');
INSERT INTO order_items (order_id, product_name, quantity) VALUES ('66e8a22e-081c-485f-b2c6-5ef81ba682ae', 'Cargador Rápido USB-C', 2);
INSERT INTO order_items (order_id, product_name, quantity) VALUES ('66e8a22e-081c-485f-b2c6-5ef81ba682ae', 'Funda de Silicona', 2);
INSERT INTO purchases (purchase_id, client_id, address_id, amount, status, created_at) VALUES ('d2391c8c-9c6f-4a1f-8067-88110bbf6518', 'mock_user_1782571101587_2', '37631274-034a-4742-864e-c4dfc07bafed', 4101, 'PAID', '2026-06-27T18:30:26.930Z');
INSERT INTO orders (order_id, purchase_id, store_name, status, delivery_code, created_at) VALUES ('f488f426-3591-431a-af07-ae35d62dd2e2', 'd2391c8c-9c6f-4a1f-8067-88110bbf6518', 'Super Todo', 'PICKED_UP', 4394, '2026-06-27T18:30:26.930Z');
INSERT INTO order_items (order_id, product_name, quantity) VALUES ('f488f426-3591-431a-af07-ae35d62dd2e2', 'Puré de Tomate', 1);
INSERT INTO order_items (order_id, product_name, quantity) VALUES ('f488f426-3591-431a-af07-ae35d62dd2e2', 'Fideos Spaghetti', 2);
INSERT INTO purchases (purchase_id, client_id, address_id, amount, status, created_at) VALUES ('1e796e90-7227-41c3-a2c8-c4debcd0d5d1', 'mock_user_1782571111009_6', '60954b4e-942f-4611-bd60-cf697d1f2963', 2429, 'PAID', '2026-06-24T18:30:26.931Z');
INSERT INTO orders (order_id, purchase_id, store_name, status, delivery_code, created_at) VALUES ('6b51eeeb-78ca-476e-abe0-cbed475da66c', '1e796e90-7227-41c3-a2c8-c4debcd0d5d1', 'Farmacia del Centro', 'PICKED_UP', 2944, '2026-06-24T18:30:26.931Z');
INSERT INTO order_items (order_id, product_name, quantity) VALUES ('6b51eeeb-78ca-476e-abe0-cbed475da66c', 'Alcohol en Gel 500ml', 1);
INSERT INTO purchases (purchase_id, client_id, address_id, amount, status, created_at) VALUES ('11940b4a-ccf2-4949-82b5-979b3fd4c745', 'mock_user_1782571156984_27', 'c0f6dccd-ee30-4e87-8b25-527f7d1ddbec', 10491, 'PAID', '2026-06-26T18:30:26.931Z');
INSERT INTO orders (order_id, purchase_id, store_name, status, delivery_code, created_at) VALUES ('dcc42ba7-501d-4600-bab4-5e030d7da2b2', '11940b4a-ccf2-4949-82b5-979b3fd4c745', 'Pizzería Roma', 'OUT_FOR_DELIVERY', 5768, '2026-06-26T18:30:26.931Z');
INSERT INTO order_items (order_id, product_name, quantity) VALUES ('dcc42ba7-501d-4600-bab4-5e030d7da2b2', 'Pizza Muzzarella', 1);
INSERT INTO order_items (order_id, product_name, quantity) VALUES ('dcc42ba7-501d-4600-bab4-5e030d7da2b2', 'Cerveza Artesanal IPA', 1);
INSERT INTO purchases (purchase_id, client_id, address_id, amount, status, created_at) VALUES ('9366d419-e379-41bf-b543-cadc688cad50', 'mock_user_1782571151866_24', 'e125ecc2-f63e-48da-beb4-8b523edaae64', 12330, 'PAID', '2026-06-24T18:30:26.931Z');
INSERT INTO orders (order_id, purchase_id, store_name, status, delivery_code, created_at) VALUES ('30494f43-750e-4fcb-89df-55536b5c51a4', '9366d419-e379-41bf-b543-cadc688cad50', 'Farmacia del Centro', 'OUT_FOR_DELIVERY', 4171, '2026-06-24T18:30:26.931Z');
INSERT INTO order_items (order_id, product_name, quantity) VALUES ('30494f43-750e-4fcb-89df-55536b5c51a4', 'Pasta Dental', 1);
INSERT INTO order_items (order_id, product_name, quantity) VALUES ('30494f43-750e-4fcb-89df-55536b5c51a4', 'Ibuprofeno 400mg', 1);
INSERT INTO order_items (order_id, product_name, quantity) VALUES ('30494f43-750e-4fcb-89df-55536b5c51a4', 'Shampoo Anticaspa', 2);
INSERT INTO purchases (purchase_id, client_id, address_id, amount, status, created_at) VALUES ('837c67c3-5c92-4d57-adb3-818395e32c6e', 'mock_user_1782571153709_25', 'ab9194c9-5400-4d78-b3fe-e8fb87dfccc2', 9692, 'PAID', '2026-06-24T18:30:26.931Z');
INSERT INTO orders (order_id, purchase_id, store_name, status, delivery_code, created_at) VALUES ('16410813-553c-4ff0-bb72-c47a36d38aa8', '837c67c3-5c92-4d57-adb3-818395e32c6e', 'Farmacia del Centro', 'OUT_FOR_DELIVERY', 2499, '2026-06-24T18:30:26.931Z');
INSERT INTO order_items (order_id, product_name, quantity) VALUES ('16410813-553c-4ff0-bb72-c47a36d38aa8', 'Shampoo Anticaspa', 1);
INSERT INTO order_items (order_id, product_name, quantity) VALUES ('16410813-553c-4ff0-bb72-c47a36d38aa8', 'Ibuprofeno 400mg', 2);
INSERT INTO order_items (order_id, product_name, quantity) VALUES ('16410813-553c-4ff0-bb72-c47a36d38aa8', 'Alcohol en Gel 500ml', 1);
INSERT INTO purchases (purchase_id, client_id, address_id, amount, status, created_at) VALUES ('1dfd8625-e18f-4526-bc26-99426d260d63', 'mock_user_1782571147156_22', '0e5a9a96-6576-4dd0-8e10-e193ef743f84', 8408, 'PAID', '2026-06-25T18:30:26.931Z');
INSERT INTO orders (order_id, purchase_id, store_name, status, delivery_code, created_at) VALUES ('f7193ac4-fcf5-4d5b-b89f-b38e6db0b449', '1dfd8625-e18f-4526-bc26-99426d260d63', 'Farmacia del Centro', 'OUT_FOR_DELIVERY', 2283, '2026-06-25T18:30:26.931Z');
INSERT INTO order_items (order_id, product_name, quantity) VALUES ('f7193ac4-fcf5-4d5b-b89f-b38e6db0b449', 'Alcohol en Gel 500ml', 2);
INSERT INTO order_items (order_id, product_name, quantity) VALUES ('f7193ac4-fcf5-4d5b-b89f-b38e6db0b449', 'Pasta Dental', 1);
INSERT INTO order_items (order_id, product_name, quantity) VALUES ('f7193ac4-fcf5-4d5b-b89f-b38e6db0b449', 'Ibuprofeno 400mg', 1);
INSERT INTO purchases (purchase_id, client_id, address_id, amount, status, created_at) VALUES ('6d91f220-450c-46e3-a400-fc4977153e1e', 'mock_user_1782571183506_39', '5a3a5e8a-45fb-4109-87f7-34721674c955', 6188, 'PAID', '2026-06-28T18:30:26.931Z');
INSERT INTO orders (order_id, purchase_id, store_name, status, delivery_code, created_at) VALUES ('a5bbb438-a9a1-4d0f-91bb-bd778f5a5d8a', '6d91f220-450c-46e3-a400-fc4977153e1e', 'Farmacia del Centro', 'OUT_FOR_DELIVERY', 1422, '2026-06-28T18:30:26.931Z');
INSERT INTO order_items (order_id, product_name, quantity) VALUES ('a5bbb438-a9a1-4d0f-91bb-bd778f5a5d8a', 'Shampoo Anticaspa', 1);
INSERT INTO order_items (order_id, product_name, quantity) VALUES ('a5bbb438-a9a1-4d0f-91bb-bd778f5a5d8a', 'Ibuprofeno 400mg', 1);
INSERT INTO purchases (purchase_id, client_id, address_id, amount, status, created_at) VALUES ('a00cef37-1086-4bbe-8c33-425970fecafd', 'mock_user_1782571192722_42', '82b5e8ce-2e13-420d-8598-fd4d77865d24', 7393, 'COMPLETED', '2026-06-27T18:30:26.931Z');
INSERT INTO orders (order_id, purchase_id, store_name, status, delivery_code, created_at) VALUES ('da7bdb96-8105-4814-ac79-c6cb3ce4eda6', 'a00cef37-1086-4bbe-8c33-425970fecafd', 'Super Todo', 'DELIVERED', 1665, '2026-06-27T18:30:26.931Z');
INSERT INTO order_items (order_id, product_name, quantity) VALUES ('da7bdb96-8105-4814-ac79-c6cb3ce4eda6', 'Yerba Mate', 1);
INSERT INTO order_items (order_id, product_name, quantity) VALUES ('da7bdb96-8105-4814-ac79-c6cb3ce4eda6', 'Leche Entera 1L', 2);
INSERT INTO order_items (order_id, product_name, quantity) VALUES ('da7bdb96-8105-4814-ac79-c6cb3ce4eda6', 'Galletitas Dulces', 1);
INSERT INTO purchases (purchase_id, client_id, address_id, amount, status, created_at) VALUES ('fff7a629-c544-4813-9cfd-471c20e9d467', 'mock_user_1782571189241_41', '381894fa-be51-4d0d-bd8a-c55b0f1c0b71', 12191, 'COMPLETED', '2026-06-24T18:30:26.931Z');
INSERT INTO orders (order_id, purchase_id, store_name, status, delivery_code, created_at) VALUES ('6c231159-f471-49f9-b9cc-7a404a204297', 'fff7a629-c544-4813-9cfd-471c20e9d467', 'Pizzería Roma', 'DELIVERED', 1007, '2026-06-24T18:30:26.931Z');
INSERT INTO order_items (order_id, product_name, quantity) VALUES ('6c231159-f471-49f9-b9cc-7a404a204297', 'Pizza Especial', 1);
INSERT INTO order_items (order_id, product_name, quantity) VALUES ('6c231159-f471-49f9-b9cc-7a404a204297', 'Cerveza Artesanal IPA', 1);
INSERT INTO purchases (purchase_id, client_id, address_id, amount, status, created_at) VALUES ('74c2bd62-f1ae-4a8b-ae3c-93ca688d75f6', 'mock_user_1782571124305_11', '9e4e7cbc-e61c-49ed-9da0-4ca49dbfab38', 10946, 'COMPLETED', '2026-06-27T18:30:26.931Z');
INSERT INTO orders (order_id, purchase_id, store_name, status, delivery_code, created_at) VALUES ('2c303175-5836-48a8-818b-f449917c9f94', '74c2bd62-f1ae-4a8b-ae3c-93ca688d75f6', 'TecnoSur', 'DELIVERED', 9126, '2026-06-27T18:30:26.931Z');
INSERT INTO order_items (order_id, product_name, quantity) VALUES ('2c303175-5836-48a8-818b-f449917c9f94', 'Cable USB-C de 2m', 2);
INSERT INTO order_items (order_id, product_name, quantity) VALUES ('2c303175-5836-48a8-818b-f449917c9f94', 'Funda de Silicona', 1);
INSERT INTO purchases (purchase_id, client_id, address_id, amount, status, created_at) VALUES ('22804219-7183-4686-94b9-4a4cb32be39c', 'mock_user_1782571165279_31', 'a096075a-b59a-44dd-aef5-8409081fd4f2', 5258, 'COMPLETED', '2026-06-27T18:30:26.931Z');
INSERT INTO orders (order_id, purchase_id, store_name, status, delivery_code, created_at) VALUES ('f3d24dce-ed93-44be-a70e-f82ddbc84b05', '22804219-7183-4686-94b9-4a4cb32be39c', 'Super Todo', 'DELIVERED', 7295, '2026-06-27T18:30:26.931Z');
INSERT INTO order_items (order_id, product_name, quantity) VALUES ('f3d24dce-ed93-44be-a70e-f82ddbc84b05', 'Fideos Spaghetti', 1);
INSERT INTO order_items (order_id, product_name, quantity) VALUES ('f3d24dce-ed93-44be-a70e-f82ddbc84b05', 'Yerba Mate', 1);
INSERT INTO purchases (purchase_id, client_id, address_id, amount, status, created_at) VALUES ('1f6a7bad-eaea-40de-8c6f-aff78c072994', 'mock_user_1782571198357_45', 'f764fc8c-9f9b-4106-997d-1bf1b9ce8cf8', 27453, 'COMPLETED', '2026-06-25T18:30:26.931Z');
INSERT INTO orders (order_id, purchase_id, store_name, status, delivery_code, created_at) VALUES ('545cef0a-a6f7-43cd-8229-b9fa97989181', '1f6a7bad-eaea-40de-8c6f-aff78c072994', 'TecnoSur', 'DELIVERED', 8519, '2026-06-25T18:30:26.931Z');
INSERT INTO order_items (order_id, product_name, quantity) VALUES ('545cef0a-a6f7-43cd-8229-b9fa97989181', 'Funda de Silicona', 2);
INSERT INTO order_items (order_id, product_name, quantity) VALUES ('545cef0a-a6f7-43cd-8229-b9fa97989181', 'Cable USB-C de 2m', 2);
INSERT INTO order_items (order_id, product_name, quantity) VALUES ('545cef0a-a6f7-43cd-8229-b9fa97989181', 'Cargador Rápido USB-C', 1);
INSERT INTO purchases (purchase_id, client_id, address_id, amount, status, created_at) VALUES ('3b2557f0-78e4-4b88-8cfd-195a4a830fe2', 'mock_user_1782571168454_32', 'e22ad436-2a5f-410f-8095-f56665987148', 27638, 'COMPLETED', '2026-06-28T18:30:26.932Z');
INSERT INTO orders (order_id, purchase_id, store_name, status, delivery_code, created_at) VALUES ('e7cb61bc-bbd4-401c-88bd-8683ef995087', '3b2557f0-78e4-4b88-8cfd-195a4a830fe2', 'TecnoSur', 'DELIVERED', 7371, '2026-06-28T18:30:26.932Z');
INSERT INTO order_items (order_id, product_name, quantity) VALUES ('e7cb61bc-bbd4-401c-88bd-8683ef995087', 'Cable USB-C de 2m', 1);
INSERT INTO order_items (order_id, product_name, quantity) VALUES ('e7cb61bc-bbd4-401c-88bd-8683ef995087', 'Cargador Rápido USB-C', 2);
INSERT INTO purchases (purchase_id, client_id, address_id, amount, status, created_at) VALUES ('7df4f337-6b68-47bb-875b-6f44bd507daf', 'mock_user_1782571104200_3', '52c5e6ba-3050-44a9-b031-fd9c8eea1f9b', 4215, 'COMPLETED', '2026-06-24T18:30:26.932Z');
INSERT INTO orders (order_id, purchase_id, store_name, status, delivery_code, created_at) VALUES ('faa626df-32ce-43ac-8976-642dbaf75019', '7df4f337-6b68-47bb-875b-6f44bd507daf', 'Super Todo', 'DELIVERED', 7952, '2026-06-24T18:30:26.932Z');
INSERT INTO order_items (order_id, product_name, quantity) VALUES ('faa626df-32ce-43ac-8976-642dbaf75019', 'Fideos Spaghetti', 1);
INSERT INTO order_items (order_id, product_name, quantity) VALUES ('faa626df-32ce-43ac-8976-642dbaf75019', 'Leche Entera 1L', 2);
INSERT INTO purchases (purchase_id, client_id, address_id, amount, status, created_at) VALUES ('142a93a3-263c-4b7a-843e-4b373c36a398', 'mock_user_1782571124305_11', '9e4e7cbc-e61c-49ed-9da0-4ca49dbfab38', 12577, 'COMPLETED', '2026-06-25T18:30:26.932Z');
INSERT INTO orders (order_id, purchase_id, store_name, status, delivery_code, created_at) VALUES ('da8c4eb5-91a8-4365-ab79-dbcd331cf067', '142a93a3-263c-4b7a-843e-4b373c36a398', 'TecnoSur', 'DELIVERED', 9182, '2026-06-25T18:30:26.932Z');
INSERT INTO order_items (order_id, product_name, quantity) VALUES ('da8c4eb5-91a8-4365-ab79-dbcd331cf067', 'Funda de Silicona', 2);
INSERT INTO order_items (order_id, product_name, quantity) VALUES ('da8c4eb5-91a8-4365-ab79-dbcd331cf067', 'Cable USB-C de 2m', 1);
INSERT INTO purchases (purchase_id, client_id, address_id, amount, status, created_at) VALUES ('563a3576-070d-4905-b8f2-92fa20c43e34', 'mock_user_1782571207366_49', 'dc45b663-48dc-49b1-9a0b-eab294240516', 36099, 'COMPLETED', '2026-06-26T18:30:26.932Z');
INSERT INTO orders (order_id, purchase_id, store_name, status, delivery_code, created_at) VALUES ('a2a43b41-00f8-4109-bdb2-c95b2bb4231f', '563a3576-070d-4905-b8f2-92fa20c43e34', 'TecnoSur', 'DELIVERED', 3351, '2026-06-26T18:30:26.932Z');
INSERT INTO order_items (order_id, product_name, quantity) VALUES ('a2a43b41-00f8-4109-bdb2-c95b2bb4231f', 'Auriculares Inalámbricos', 1);
INSERT INTO order_items (order_id, product_name, quantity) VALUES ('a2a43b41-00f8-4109-bdb2-c95b2bb4231f', 'Funda de Silicona', 1);
INSERT INTO order_items (order_id, product_name, quantity) VALUES ('a2a43b41-00f8-4109-bdb2-c95b2bb4231f', 'Cable USB-C de 2m', 2);
INSERT INTO purchases (purchase_id, client_id, address_id, amount, status, created_at) VALUES ('ff11d324-d88d-441b-8aca-2c28d6c07d5e', 'mock_user_1782571151866_24', 'e125ecc2-f63e-48da-beb4-8b523edaae64', 15264, 'COMPLETED', '2026-06-28T18:30:26.932Z');
INSERT INTO orders (order_id, purchase_id, store_name, status, delivery_code, created_at) VALUES ('1501fc2d-f8ba-4cdb-a2c2-2902f4805d6e', 'ff11d324-d88d-441b-8aca-2c28d6c07d5e', 'Farmacia del Centro', 'DELIVERED', 4714, '2026-06-28T18:30:26.932Z');
INSERT INTO order_items (order_id, product_name, quantity) VALUES ('1501fc2d-f8ba-4cdb-a2c2-2902f4805d6e', 'Alcohol en Gel 500ml', 1);
INSERT INTO order_items (order_id, product_name, quantity) VALUES ('1501fc2d-f8ba-4cdb-a2c2-2902f4805d6e', 'Shampoo Anticaspa', 2);
INSERT INTO order_items (order_id, product_name, quantity) VALUES ('1501fc2d-f8ba-4cdb-a2c2-2902f4805d6e', 'Pasta Dental', 2);
INSERT INTO purchases (purchase_id, client_id, address_id, amount, status, created_at) VALUES ('64a35731-f3b8-4ca1-9e37-da1eed4f424e', 'mock_user_1782571104200_3', '52c5e6ba-3050-44a9-b031-fd9c8eea1f9b', 4828, 'COMPLETED', '2026-06-28T18:30:26.932Z');
INSERT INTO orders (order_id, purchase_id, store_name, status, delivery_code, created_at) VALUES ('f479cb1d-1e2a-46a7-a133-72863ad17a8d', '64a35731-f3b8-4ca1-9e37-da1eed4f424e', 'Farmacia del Centro', 'DELIVERED', 4354, '2026-06-28T18:30:26.932Z');
INSERT INTO order_items (order_id, product_name, quantity) VALUES ('f479cb1d-1e2a-46a7-a133-72863ad17a8d', 'Pasta Dental', 2);
INSERT INTO purchases (purchase_id, client_id, address_id, amount, status, created_at) VALUES ('97f99805-4041-4783-b0a9-bdff67baa3b1', 'mock_user_1782571111009_6', '60954b4e-942f-4611-bd60-cf697d1f2963', 3597, 'COMPLETED', '2026-06-27T18:30:26.932Z');
INSERT INTO orders (order_id, purchase_id, store_name, status, delivery_code, created_at) VALUES ('528974d8-56ce-4a01-8206-fcb70ed097d4', '97f99805-4041-4783-b0a9-bdff67baa3b1', 'Farmacia del Centro', 'DELIVERED', 6208, '2026-06-27T18:30:26.932Z');
INSERT INTO order_items (order_id, product_name, quantity) VALUES ('528974d8-56ce-4a01-8206-fcb70ed097d4', 'Ibuprofeno 400mg', 2);
INSERT INTO purchases (purchase_id, client_id, address_id, amount, status, created_at) VALUES ('2098b2b6-6449-4d44-afe6-64ea4d46430b', 'mock_user_1782571186374_40', 'e6ae6d3f-6989-4bb3-b0e9-626523b377be', 75457, 'COMPLETED', '2026-06-24T18:30:26.932Z');
INSERT INTO orders (order_id, purchase_id, store_name, status, delivery_code, created_at) VALUES ('48a2735f-cb72-4531-8953-5a689c15fd0f', '2098b2b6-6449-4d44-afe6-64ea4d46430b', 'Librería Estudiantil', 'DELIVERED', 6116, '2026-06-24T18:30:26.932Z');
INSERT INTO order_items (order_id, product_name, quantity) VALUES ('48a2735f-cb72-4531-8953-5a689c15fd0f', 'Mochila Escolar', 2);
INSERT INTO order_items (order_id, product_name, quantity) VALUES ('48a2735f-cb72-4531-8953-5a689c15fd0f', 'Cuaderno Universitario', 1);
INSERT INTO purchases (purchase_id, client_id, address_id, amount, status, created_at) VALUES ('fc1074e8-7c8e-4815-8d7d-9ac31e021d87', 'mock_user_1782571101587_2', '37631274-034a-4742-864e-c4dfc07bafed', 6266, 'CANCELLED', '2026-06-26T18:30:26.932Z');
INSERT INTO orders (order_id, purchase_id, store_name, status, delivery_code, created_at) VALUES ('35137a4f-fb2a-4c3b-9666-66f917040ce3', 'fc1074e8-7c8e-4815-8d7d-9ac31e021d87', 'Farmacia del Centro', 'CANCELLED', 6720, '2026-06-26T18:30:26.932Z');
INSERT INTO order_items (order_id, product_name, quantity) VALUES ('35137a4f-fb2a-4c3b-9666-66f917040ce3', 'Ibuprofeno 400mg', 1);
INSERT INTO order_items (order_id, product_name, quantity) VALUES ('35137a4f-fb2a-4c3b-9666-66f917040ce3', 'Alcohol en Gel 500ml', 2);
INSERT INTO purchases (purchase_id, client_id, address_id, amount, status, created_at) VALUES ('a44e849e-ddd8-4e35-b6dc-a2772e5a4e2f', 'mock_user_1782571151866_24', 'e125ecc2-f63e-48da-beb4-8b523edaae64', 6729, 'CANCELLED', '2026-06-24T18:30:26.932Z');
INSERT INTO orders (order_id, purchase_id, store_name, status, delivery_code, created_at) VALUES ('7133defa-a370-4a9d-aabb-8d5a7a2efaa9', 'a44e849e-ddd8-4e35-b6dc-a2772e5a4e2f', 'TecnoSur', 'CANCELLED', 3705, '2026-06-24T18:30:26.932Z');
INSERT INTO order_items (order_id, product_name, quantity) VALUES ('7133defa-a370-4a9d-aabb-8d5a7a2efaa9', 'Cable USB-C de 2m', 2);
INSERT INTO purchases (purchase_id, client_id, address_id, amount, status, created_at) VALUES ('3c082394-1cb1-4e53-beee-6d276944178f', 'mock_user_1782571165279_31', 'a096075a-b59a-44dd-aef5-8409081fd4f2', 1385, 'CANCELLED', '2026-06-25T18:30:26.932Z');
INSERT INTO orders (order_id, purchase_id, store_name, status, delivery_code, created_at) VALUES ('758ab2ce-5013-40b1-a883-019704830abf', '3c082394-1cb1-4e53-beee-6d276944178f', 'Librería Estudiantil', 'CANCELLED', 3305, '2026-06-25T18:30:26.932Z');
INSERT INTO order_items (order_id, product_name, quantity) VALUES ('758ab2ce-5013-40b1-a883-019704830abf', 'Bolígrafo Azul', 1);
INSERT INTO purchases (purchase_id, client_id, address_id, amount, status, created_at) VALUES ('3344c375-fe6a-45f9-bc51-e1ba6ad6e23e', 'mock_user_1782571192722_42', '82b5e8ce-2e13-420d-8598-fd4d77865d24', 15266, 'CANCELLED', '2026-06-28T18:30:26.932Z');
INSERT INTO orders (order_id, purchase_id, store_name, status, delivery_code, created_at) VALUES ('d8f4b38a-168d-46c4-833a-7675cacb29f5', '3344c375-fe6a-45f9-bc51-e1ba6ad6e23e', 'Pizzería Roma', 'CANCELLED', 7652, '2026-06-28T18:30:26.932Z');
INSERT INTO order_items (order_id, product_name, quantity) VALUES ('d8f4b38a-168d-46c4-833a-7675cacb29f5', 'Pizza Especial', 1);
INSERT INTO order_items (order_id, product_name, quantity) VALUES ('d8f4b38a-168d-46c4-833a-7675cacb29f5', 'Pizza Muzzarella', 1);
INSERT INTO purchases (purchase_id, client_id, address_id, amount, status, created_at) VALUES ('ceadb0c4-5d03-44c0-9e80-7a7f246e1fba', 'mock_user_1782571161696_29', '3e7c518d-46bf-4ba1-abc6-05987d8d3bfa', 5721, 'PAID', '2026-06-27T18:30:26.932Z');
INSERT INTO orders (order_id, purchase_id, store_name, status, delivery_code, created_at) VALUES ('a9a13582-fc20-4ea6-a347-06f569fd6de9', 'ceadb0c4-5d03-44c0-9e80-7a7f246e1fba', 'Librería Estudiantil', 'DELIVERY_FAILED', 8845, '2026-06-27T18:30:26.932Z');
INSERT INTO order_items (order_id, product_name, quantity) VALUES ('a9a13582-fc20-4ea6-a347-06f569fd6de9', 'Cuaderno Universitario', 1);
INSERT INTO purchases (purchase_id, client_id, address_id, amount, status, created_at) VALUES ('ac052ef8-6abf-4334-92eb-b1d8297aa257', 'mock_user_1782571195999_44', '53f19396-e7c1-4ac3-83d8-b8e2a6b42aa6', 20071, 'PAID', '2026-06-24T18:30:26.932Z');
INSERT INTO orders (order_id, purchase_id, store_name, status, delivery_code, created_at) VALUES ('c6b356df-f712-45f3-be0e-b02412853a02', 'ac052ef8-6abf-4334-92eb-b1d8297aa257', 'Pizzería Roma', 'DELIVERY_FAILED', 3934, '2026-06-24T18:30:26.932Z');
INSERT INTO order_items (order_id, product_name, quantity) VALUES ('c6b356df-f712-45f3-be0e-b02412853a02', 'Cerveza Artesanal IPA', 1);
INSERT INTO order_items (order_id, product_name, quantity) VALUES ('c6b356df-f712-45f3-be0e-b02412853a02', 'Pizza Especial', 2);
INSERT INTO purchases (purchase_id, client_id, address_id, amount, status, created_at) VALUES ('e914f4bb-6642-404e-aa7f-d75609405ceb', 'mock_user_1782571153709_25', 'ab9194c9-5400-4d78-b3fe-e8fb87dfccc2', 36414, 'PAID', '2026-06-26T18:30:26.933Z');
INSERT INTO orders (order_id, purchase_id, store_name, status, delivery_code, created_at) VALUES ('23c9d87f-d4b6-45d9-b842-bbbb92d3bc12', 'e914f4bb-6642-404e-aa7f-d75609405ceb', 'Pizzería Roma', 'DELIVERY_FAILED', 1562, '2026-06-26T18:30:26.933Z');
INSERT INTO order_items (order_id, product_name, quantity) VALUES ('23c9d87f-d4b6-45d9-b842-bbbb92d3bc12', 'Cerveza Artesanal IPA', 2);
INSERT INTO order_items (order_id, product_name, quantity) VALUES ('23c9d87f-d4b6-45d9-b842-bbbb92d3bc12', 'Pizza Muzzarella', 2);
INSERT INTO order_items (order_id, product_name, quantity) VALUES ('23c9d87f-d4b6-45d9-b842-bbbb92d3bc12', 'Pizza Especial', 2);

-- INSERTING USER LOGS
INSERT INTO user_logs (client_id, login_time) VALUES ('mock_user_1782571097763_1', '2026-05-25 01:07:15.638+00');
INSERT INTO user_logs (client_id, login_time) VALUES ('mock_user_1782571097763_1', '2026-04-14 00:26:52.864+00');
INSERT INTO user_logs (client_id, login_time) VALUES ('mock_user_1782571097763_1', '2026-05-19 23:38:39.808+00');
INSERT INTO user_logs (client_id, login_time) VALUES ('mock_user_1782571097763_1', '2026-04-07 09:56:38.378+00');
INSERT INTO user_logs (client_id, login_time) VALUES ('mock_user_1782571097763_1', '2026-06-21 03:18:16.721+00');
INSERT INTO user_logs (client_id, login_time) VALUES ('mock_user_1782571097763_1', '2026-06-17 16:11:18.586+00');
INSERT INTO user_logs (client_id, login_time) VALUES ('mock_user_1782571097763_1', '2026-04-26 17:53:28.119+00');
INSERT INTO user_logs (client_id, login_time) VALUES ('mock_user_1782571097763_1', '2026-05-03 23:06:13.008+00');
INSERT INTO user_logs (client_id, login_time) VALUES ('mock_user_1782571097763_1', '2026-04-27 01:12:29.678+00');
INSERT INTO user_logs (client_id, login_time) VALUES ('mock_user_1782571101587_2', '2026-05-04 15:50:54.891+00');
INSERT INTO user_logs (client_id, login_time) VALUES ('mock_user_1782571101587_2', '2026-05-15 17:38:06.926+00');
INSERT INTO user_logs (client_id, login_time) VALUES ('mock_user_1782571101587_2', '2026-06-26 15:20:44.5+00');
INSERT INTO user_logs (client_id, login_time) VALUES ('mock_user_1782571101587_2', '2026-06-17 22:41:18.785+00');
INSERT INTO user_logs (client_id, login_time) VALUES ('mock_user_1782571101587_2', '2026-05-03 16:27:14.997+00');
INSERT INTO user_logs (client_id, login_time) VALUES ('mock_user_1782571101587_2', '2026-06-05 07:13:35.271+00');
INSERT INTO user_logs (client_id, login_time) VALUES ('mock_user_1782571101587_2', '2026-05-07 00:01:18.72+00');
INSERT INTO user_logs (client_id, login_time) VALUES ('mock_user_1782571101587_2', '2026-05-03 21:03:56.294+00');
INSERT INTO user_logs (client_id, login_time) VALUES ('mock_user_1782571101587_2', '2026-05-20 17:55:21.064+00');
INSERT INTO user_logs (client_id, login_time) VALUES ('mock_user_1782571101587_2', '2026-05-18 00:26:29.709+00');
INSERT INTO user_logs (client_id, login_time) VALUES ('mock_user_1782571101587_2', '2026-05-23 16:10:23.492+00');
INSERT INTO user_logs (client_id, login_time) VALUES ('mock_user_1782571104200_3', '2026-05-17 04:23:13.473+00');
INSERT INTO user_logs (client_id, login_time) VALUES ('mock_user_1782571104200_3', '2026-05-19 23:13:55.93+00');
INSERT INTO user_logs (client_id, login_time) VALUES ('mock_user_1782571104200_3', '2026-05-08 15:30:45.944+00');
INSERT INTO user_logs (client_id, login_time) VALUES ('mock_user_1782571104200_3', '2026-06-15 06:58:38.679+00');
INSERT INTO user_logs (client_id, login_time) VALUES ('mock_user_1782571104200_3', '2026-06-19 00:14:51.318+00');
INSERT INTO user_logs (client_id, login_time) VALUES ('mock_user_1782571104200_3', '2026-06-22 22:46:44.178+00');
INSERT INTO user_logs (client_id, login_time) VALUES ('mock_user_1782571104200_3', '2026-06-14 22:16:56.3+00');
INSERT INTO user_logs (client_id, login_time) VALUES ('mock_user_1782571104200_3', '2026-05-11 13:14:59.532+00');
INSERT INTO user_logs (client_id, login_time) VALUES ('mock_user_1782571104200_3', '2026-05-25 00:52:50.287+00');
INSERT INTO user_logs (client_id, login_time) VALUES ('mock_user_1782571104200_3', '2026-05-19 03:31:52.685+00');
INSERT INTO user_logs (client_id, login_time) VALUES ('mock_user_1782571104200_3', '2026-05-24 16:03:09.167+00');
INSERT INTO user_logs (client_id, login_time) VALUES ('mock_user_1782571106912_4', '2026-06-12 23:01:03.099+00');
INSERT INTO user_logs (client_id, login_time) VALUES ('mock_user_1782571106912_4', '2026-06-03 23:11:14.976+00');
INSERT INTO user_logs (client_id, login_time) VALUES ('mock_user_1782571106912_4', '2026-06-03 15:56:38.603+00');
INSERT INTO user_logs (client_id, login_time) VALUES ('mock_user_1782571106912_4', '2026-06-17 21:03:57.61+00');
INSERT INTO user_logs (client_id, login_time) VALUES ('mock_user_1782571106912_4', '2026-05-31 01:05:08.343+00');
INSERT INTO user_logs (client_id, login_time) VALUES ('mock_user_1782571108345_5', '2026-06-26 05:43:07.835+00');
INSERT INTO user_logs (client_id, login_time) VALUES ('mock_user_1782571108345_5', '2026-05-26 15:04:33.066+00');
INSERT INTO user_logs (client_id, login_time) VALUES ('mock_user_1782571108345_5', '2026-06-09 15:36:22.184+00');
INSERT INTO user_logs (client_id, login_time) VALUES ('mock_user_1782571108345_5', '2026-05-03 03:32:25.801+00');
INSERT INTO user_logs (client_id, login_time) VALUES ('mock_user_1782571108345_5', '2026-05-18 11:17:29.67+00');
INSERT INTO user_logs (client_id, login_time) VALUES ('mock_user_1782571108345_5', '2026-05-10 15:57:29.164+00');
INSERT INTO user_logs (client_id, login_time) VALUES ('mock_user_1782571108345_5', '2026-05-04 23:52:25.393+00');
INSERT INTO user_logs (client_id, login_time) VALUES ('mock_user_1782571108345_5', '2026-04-25 22:19:38.228+00');
INSERT INTO user_logs (client_id, login_time) VALUES ('mock_user_1782571108345_5', '2026-04-23 15:34:16.372+00');
INSERT INTO user_logs (client_id, login_time) VALUES ('mock_user_1782571108345_5', '2026-06-18 23:59:18.862+00');
INSERT INTO user_logs (client_id, login_time) VALUES ('mock_user_1782571108345_5', '2026-05-23 23:47:08.116+00');
INSERT INTO user_logs (client_id, login_time) VALUES ('mock_user_1782571111009_6', '2026-05-22 00:06:24.624+00');
INSERT INTO user_logs (client_id, login_time) VALUES ('mock_user_1782571111009_6', '2026-06-25 15:17:33.782+00');
INSERT INTO user_logs (client_id, login_time) VALUES ('mock_user_1782571111009_6', '2026-05-18 16:12:14.877+00');
INSERT INTO user_logs (client_id, login_time) VALUES ('mock_user_1782571111009_6', '2026-06-11 15:54:19.531+00');
INSERT INTO user_logs (client_id, login_time) VALUES ('mock_user_1782571111009_6', '2026-05-31 23:53:45.628+00');
INSERT INTO user_logs (client_id, login_time) VALUES ('mock_user_1782571111009_6', '2026-05-24 00:03:07.552+00');
INSERT INTO user_logs (client_id, login_time) VALUES ('mock_user_1782571111009_6', '2026-06-14 17:41:28.077+00');
INSERT INTO user_logs (client_id, login_time) VALUES ('mock_user_1782571111009_6', '2026-06-04 16:29:38.89+00');
INSERT INTO user_logs (client_id, login_time) VALUES ('mock_user_1782571113056_7', '2026-05-30 22:23:27.047+00');
INSERT INTO user_logs (client_id, login_time) VALUES ('mock_user_1782571113056_7', '2026-06-23 23:08:01.159+00');
INSERT INTO user_logs (client_id, login_time) VALUES ('mock_user_1782571113056_7', '2026-06-26 23:30:18.339+00');
INSERT INTO user_logs (client_id, login_time) VALUES ('mock_user_1782571113056_7', '2026-05-19 17:27:12.605+00');
INSERT INTO user_logs (client_id, login_time) VALUES ('mock_user_1782571113056_7', '2026-06-16 16:33:48.145+00');
INSERT INTO user_logs (client_id, login_time) VALUES ('mock_user_1782571113056_7', '2026-06-19 00:55:27.075+00');
INSERT INTO user_logs (client_id, login_time) VALUES ('mock_user_1782571113056_7', '2026-06-14 22:00:53.252+00');
INSERT INTO user_logs (client_id, login_time) VALUES ('mock_user_1782571113056_7', '2026-05-14 23:58:52.56+00');
INSERT INTO user_logs (client_id, login_time) VALUES ('mock_user_1782571113056_7', '2026-06-06 08:56:54.414+00');
INSERT INTO user_logs (client_id, login_time) VALUES ('mock_user_1782571113056_7', '2026-05-14 00:42:31.673+00');
INSERT INTO user_logs (client_id, login_time) VALUES ('mock_user_1782571113056_7', '2026-05-09 17:55:44.995+00');
INSERT INTO user_logs (client_id, login_time) VALUES ('mock_user_1782571115720_8', '2026-05-24 16:40:37.844+00');
INSERT INTO user_logs (client_id, login_time) VALUES ('mock_user_1782571115720_8', '2026-05-14 17:01:09.827+00');
INSERT INTO user_logs (client_id, login_time) VALUES ('mock_user_1782571115720_8', '2026-06-06 22:19:21.603+00');
INSERT INTO user_logs (client_id, login_time) VALUES ('mock_user_1782571115720_8', '2026-06-10 06:49:02.364+00');
INSERT INTO user_logs (client_id, login_time) VALUES ('mock_user_1782571115720_8', '2026-06-14 22:58:03.861+00');
INSERT INTO user_logs (client_id, login_time) VALUES ('mock_user_1782571115720_8', '2026-05-13 23:25:53.799+00');
INSERT INTO user_logs (client_id, login_time) VALUES ('mock_user_1782571115720_8', '2026-06-12 16:51:29.847+00');
INSERT INTO user_logs (client_id, login_time) VALUES ('mock_user_1782571115720_8', '2026-06-10 22:50:09.641+00');
INSERT INTO user_logs (client_id, login_time) VALUES ('mock_user_1782571115720_8', '2026-05-09 17:42:05.481+00');
INSERT INTO user_logs (client_id, login_time) VALUES ('mock_user_1782571115720_8', '2026-05-22 17:16:47.408+00');
INSERT INTO user_logs (client_id, login_time) VALUES ('mock_user_1782571118177_9', '2026-05-17 06:52:12.878+00');
INSERT INTO user_logs (client_id, login_time) VALUES ('mock_user_1782571118177_9', '2026-04-14 23:07:47.3+00');
INSERT INTO user_logs (client_id, login_time) VALUES ('mock_user_1782571118177_9', '2026-05-23 17:19:44.094+00');
INSERT INTO user_logs (client_id, login_time) VALUES ('mock_user_1782571118177_9', '2026-04-10 17:50:40.257+00');
INSERT INTO user_logs (client_id, login_time) VALUES ('mock_user_1782571118177_9', '2026-04-14 21:51:20.579+00');
INSERT INTO user_logs (client_id, login_time) VALUES ('mock_user_1782571118177_9', '2026-05-02 15:11:08.618+00');
INSERT INTO user_logs (client_id, login_time) VALUES ('mock_user_1782571118177_9', '2026-06-17 00:36:53.89+00');
INSERT INTO user_logs (client_id, login_time) VALUES ('mock_user_1782571118177_9', '2026-06-13 23:03:06.972+00');
INSERT INTO user_logs (client_id, login_time) VALUES ('mock_user_1782571118177_9', '2026-04-07 17:19:40.149+00');
INSERT INTO user_logs (client_id, login_time) VALUES ('mock_user_1782571118177_9', '2026-06-03 12:05:47.056+00');
INSERT INTO user_logs (client_id, login_time) VALUES ('mock_user_1782571118177_9', '2026-04-08 22:04:05.03+00');
INSERT INTO user_logs (client_id, login_time) VALUES ('mock_user_1782571120844_10', '2026-06-16 00:47:51.873+00');
INSERT INTO user_logs (client_id, login_time) VALUES ('mock_user_1782571120844_10', '2026-06-06 16:30:19.191+00');
INSERT INTO user_logs (client_id, login_time) VALUES ('mock_user_1782571120844_10', '2026-06-16 01:11:26.709+00');
INSERT INTO user_logs (client_id, login_time) VALUES ('mock_user_1782571120844_10', '2026-05-24 22:06:03.654+00');
INSERT INTO user_logs (client_id, login_time) VALUES ('mock_user_1782571120844_10', '2026-06-10 23:45:02.773+00');
INSERT INTO user_logs (client_id, login_time) VALUES ('mock_user_1782571120844_10', '2026-06-26 00:37:55.894+00');
INSERT INTO user_logs (client_id, login_time) VALUES ('mock_user_1782571120844_10', '2026-05-20 15:20:29.651+00');
INSERT INTO user_logs (client_id, login_time) VALUES ('mock_user_1782571120844_10', '2026-05-22 22:56:03.103+00');
INSERT INTO user_logs (client_id, login_time) VALUES ('mock_user_1782571120844_10', '2026-06-25 23:40:39.332+00');
INSERT INTO user_logs (client_id, login_time) VALUES ('mock_user_1782571120844_10', '2026-06-11 16:55:37.581+00');
INSERT INTO user_logs (client_id, login_time) VALUES ('mock_user_1782571120844_10', '2026-06-06 00:20:29.908+00');
INSERT INTO user_logs (client_id, login_time) VALUES ('mock_user_1782571120844_10', '2026-06-20 16:41:58.549+00');
INSERT INTO user_logs (client_id, login_time) VALUES ('mock_user_1782571120844_10', '2026-06-20 00:54:07.643+00');
INSERT INTO user_logs (client_id, login_time) VALUES ('mock_user_1782571120844_10', '2026-05-30 15:02:00.507+00');
INSERT INTO user_logs (client_id, login_time) VALUES ('mock_user_1782571120844_10', '2026-05-20 23:38:00.021+00');
INSERT INTO user_logs (client_id, login_time) VALUES ('mock_user_1782571124305_11', '2026-06-22 15:37:23.5+00');
INSERT INTO user_logs (client_id, login_time) VALUES ('mock_user_1782571124305_11', '2026-06-27 13:49:25.438+00');
INSERT INTO user_logs (client_id, login_time) VALUES ('mock_user_1782571124305_11', '2026-05-05 16:27:27.003+00');
INSERT INTO user_logs (client_id, login_time) VALUES ('mock_user_1782571124305_11', '2026-05-29 22:08:42.479+00');
INSERT INTO user_logs (client_id, login_time) VALUES ('mock_user_1782571124305_11', '2026-05-05 00:21:24.711+00');
INSERT INTO user_logs (client_id, login_time) VALUES ('mock_user_1782571124305_11', '2026-05-20 23:24:57.775+00');
INSERT INTO user_logs (client_id, login_time) VALUES ('mock_user_1782571124305_11', '2026-05-26 01:19:17.349+00');
INSERT INTO user_logs (client_id, login_time) VALUES ('mock_user_1782571124305_11', '2026-06-25 17:22:02.909+00');
INSERT INTO user_logs (client_id, login_time) VALUES ('mock_user_1782571125876_12', '2026-04-05 01:43:38.796+00');
INSERT INTO user_logs (client_id, login_time) VALUES ('mock_user_1782571125876_12', '2026-06-12 15:48:23.63+00');
INSERT INTO user_logs (client_id, login_time) VALUES ('mock_user_1782571125876_12', '2026-04-04 16:15:46.425+00');
INSERT INTO user_logs (client_id, login_time) VALUES ('mock_user_1782571125876_12', '2026-05-10 15:45:11.245+00');
INSERT INTO user_logs (client_id, login_time) VALUES ('mock_user_1782571125876_12', '2026-05-29 23:28:20.313+00');
INSERT INTO user_logs (client_id, login_time) VALUES ('mock_user_1782571125876_12', '2026-04-04 00:43:59.368+00');
INSERT INTO user_logs (client_id, login_time) VALUES ('mock_user_1782571127392_13', '2026-06-13 01:54:45.935+00');
INSERT INTO user_logs (client_id, login_time) VALUES ('mock_user_1782571127392_13', '2026-06-17 23:38:15.291+00');
INSERT INTO user_logs (client_id, login_time) VALUES ('mock_user_1782571127392_13', '2026-06-23 22:43:45.418+00');
INSERT INTO user_logs (client_id, login_time) VALUES ('mock_user_1782571127392_13', '2026-06-22 23:35:50.406+00');
INSERT INTO user_logs (client_id, login_time) VALUES ('mock_user_1782571127392_13', '2026-06-21 06:16:27.1+00');
INSERT INTO user_logs (client_id, login_time) VALUES ('mock_user_1782571127392_13', '2026-06-18 17:33:57.049+00');
INSERT INTO user_logs (client_id, login_time) VALUES ('mock_user_1782571127392_13', '2026-06-17 00:10:28.228+00');
INSERT INTO user_logs (client_id, login_time) VALUES ('mock_user_1782571127392_13', '2026-06-09 01:28:13.673+00');
INSERT INTO user_logs (client_id, login_time) VALUES ('mock_user_1782571127392_13', '2026-06-08 23:47:02.366+00');
INSERT INTO user_logs (client_id, login_time) VALUES ('mock_user_1782571127392_13', '2026-06-08 15:19:04.281+00');
INSERT INTO user_logs (client_id, login_time) VALUES ('mock_user_1782571127392_13', '2026-06-14 04:23:23.6+00');
INSERT INTO user_logs (client_id, login_time) VALUES ('mock_user_1782571130055_14', '2026-05-19 02:09:02.098+00');
INSERT INTO user_logs (client_id, login_time) VALUES ('mock_user_1782571130055_14', '2026-05-23 17:00:33.578+00');
INSERT INTO user_logs (client_id, login_time) VALUES ('mock_user_1782571130055_14', '2026-06-13 16:00:36.821+00');
INSERT INTO user_logs (client_id, login_time) VALUES ('mock_user_1782571130055_14', '2026-05-08 16:47:06.037+00');
INSERT INTO user_logs (client_id, login_time) VALUES ('mock_user_1782571130055_14', '2026-06-09 01:34:24.373+00');
INSERT INTO user_logs (client_id, login_time) VALUES ('mock_user_1782571130055_14', '2026-05-22 15:51:16.268+00');
INSERT INTO user_logs (client_id, login_time) VALUES ('mock_user_1782571131693_15', '2026-04-30 22:01:06.783+00');
INSERT INTO user_logs (client_id, login_time) VALUES ('mock_user_1782571131693_15', '2026-05-12 12:25:37.758+00');
INSERT INTO user_logs (client_id, login_time) VALUES ('mock_user_1782571131693_15', '2026-04-05 17:26:07.461+00');
INSERT INTO user_logs (client_id, login_time) VALUES ('mock_user_1782571131693_15', '2026-05-15 17:24:03.465+00');
INSERT INTO user_logs (client_id, login_time) VALUES ('mock_user_1782571131693_15', '2026-05-27 01:23:02.061+00');
INSERT INTO user_logs (client_id, login_time) VALUES ('mock_user_1782571131693_15', '2026-04-11 13:45:04.903+00');
INSERT INTO user_logs (client_id, login_time) VALUES ('mock_user_1782571131693_15', '2026-05-20 02:48:38.312+00');
INSERT INTO user_logs (client_id, login_time) VALUES ('mock_user_1782571131693_15', '2026-06-11 01:38:40.66+00');
INSERT INTO user_logs (client_id, login_time) VALUES ('mock_user_1782571131693_15', '2026-06-09 16:55:30.243+00');
INSERT INTO user_logs (client_id, login_time) VALUES ('mock_user_1782571131693_15', '2026-05-15 15:09:02.691+00');
INSERT INTO user_logs (client_id, login_time) VALUES ('mock_user_1782571131693_15', '2026-04-25 15:16:48.459+00');
INSERT INTO user_logs (client_id, login_time) VALUES ('mock_user_1782571131693_15', '2026-05-03 22:52:42.75+00');
INSERT INTO user_logs (client_id, login_time) VALUES ('mock_user_1782571134052_16', '2026-06-21 17:43:30.009+00');
INSERT INTO user_logs (client_id, login_time) VALUES ('mock_user_1782571134052_16', '2026-06-21 16:17:01.782+00');
INSERT INTO user_logs (client_id, login_time) VALUES ('mock_user_1782571134052_16', '2026-06-13 00:15:09.271+00');
INSERT INTO user_logs (client_id, login_time) VALUES ('mock_user_1782571134052_16', '2026-06-16 01:15:05.558+00');
INSERT INTO user_logs (client_id, login_time) VALUES ('mock_user_1782571134052_16', '2026-06-12 01:34:56.343+00');
